Temperature,Cart Position,Cart Velocity,Pole Angle,Pole Angular Velocity,Simulations,Return,Discounted Return
500,0.16,0.0,-0.16,-0.16,91,213.0,157.5622353359156
500,0.12,-0.12,0.12,0.08,33,271.0,185.67204688692738
500,0.0,-0.03999999999999998,0.12,0.08,22,469.0,251.8801628510772
500,0.12,-0.16,0.12,0.08,70,370.0,223.663465372492
500,0.04,0.2,0.04,0.08,5,500.0,259.12410747446273
500,0.12,-0.2,0.08,0.0,78,500.0,259.12410747446273
500,-0.16,-0.16,-0.07999999999999999,0.08,83,500.0,259.12410747446273
500,0.04,0.12,-0.12,-0.07999999999999999,81,500.0,259.12410747446273
500,-0.12,-0.03999999999999998,-0.16,0.08,8,176.0,136.89483382071157
500,0.08,-0.2,-0.2,0.08,68,259.0,180.25111465240425
500,-0.16,-0.2,0.08,-0.12,28,379.0,226.58926638553643
500,0.08,0.08,-0.12,-0.2,87,274.0,186.9970155970657
500,0.12,0.12,-0.2,-0.03999999999999998,30,225.0,163.78662389810222
500,-0.16,0.0,0.2,0.04,75,197.0,148.90615036563673
500,0.04,0.12,0.04,0.16,30,237.0,169.79059503436116
500,0.12,0.16,-0.12,0.2,60,500.0,259.12410747446273
500,0.16,-0.12,-0.03999999999999998,0.2,45,500.0,259.12410747446273
500,0.04,-0.2,-0.03999999999999998,0.0,83,368.0,223.0024731893695
500,0.0,-0.2,-0.07999999999999999,-0.2,69,395.0,231.5992963534892
500,0.16,0.08,0.12,-0.12,32,494.0,257.7742028990175
500,-0.16,0.0,-0.07999999999999999,0.04,88,500.0,259.12410747446273
500,0.12,0.16,0.04,0.2,24,500.0,259.12410747446273
500,-0.03999999999999998,-0.16,0.08,0.04,45,500.0,259.12410747446273
500,0.16,-0.07999999999999999,0.0,-0.16,53,500.0,259.12410747446273
500,0.2,0.04,0.12,0.04,40,226.0,164.29526402640792
500,-0.2,0.16,0.04,0.0,55,500.0,259.12410747446273
500,-0.2,-0.16,0.0,-0.16,86,273.0,186.5566856540278
500,-0.03999999999999998,0.04,0.12,0.04,46,423.0,239.8076885236098
500,0.2,-0.16,-0.12,0.16,12,500.0,259.12410747446273
500,-0.16,-0.07999999999999999,0.04,-0.16,39,445.0,245.78977523988917
500,0.16,0.12,0.08,-0.12,94,500.0,259.12410747446273
500,0.04,-0.03999999999999998,0.04,0.12,51,500.0,259.12410747446273
500,-0.16,-0.16,0.12,-0.07999999999999999,93,500.0,259.12410747446273
500,0.2,-0.2,-0.2,-0.2,97,141.0,115.11257169511453
500,0.08,0.16,-0.2,0.12,33,492.0,257.3187998287918
500,-0.07999999999999999,-0.16,-0.07999999999999999,0.12,96,500.0,259.12410747446273
500,0.08,-0.03999999999999998,0.16,-0.12,99,500.0,259.12410747446273
500,-0.16,-0.12,0.12,-0.16,90,500.0,259.12410747446273
500,0.16,0.04,0.2,-0.12,89,328.0,208.9131973958026
500,0.04,0.0,-0.16,0.2,20,304.0,199.61009906322946
500,-0.16,-0.03999999999999998,-0.12,-0.16,96,324.0,207.4088904110126
500,-0.07999999999999999,0.2,-0.07999999999999999,0.04,1,12.0,11.803966698928045
500,0.04,-0.16,-0.2,-0.03999999999999998,83,175.0,136.3037450558792
500,0.04,-0.16,0.12,0.0,25,398.0,232.51215861412834
500,0.0,0.16,0.12,0.16,38,279.0,189.1789295460886
500,0.2,-0.12,0.08,0.2,8,484.0,255.46957398214522
500,-0.16,0.08,-0.07999999999999999,0.0,19,251.0,176.52704265727883
500,-0.12,-0.16,0.04,-0.12,47,500.0,259.12410747446273
500,-0.12,-0.12,-0.03999999999999998,0.08,78,500.0,259.12410747446273
500,-0.12,-0.07999999999999999,0.0,0.12,17,423.0,239.8076885236098
500,0.08,0.0,-0.2,0.08,39,500.0,259.12410747446273
500,-0.12,-0.2,0.2,0.04,57,334.0,211.13603016021082
500,-0.12,0.08,-0.16,-0.16,69,273.0,186.5566856540278
500,0.12,0.04,0.08,0.04,36,305.0,200.01126876603976
500,0.12,-0.07999999999999999,-0.12,0.0,57,204.0,152.74443823215452
500,0.16,-0.03999999999999998,0.12,-0.03999999999999998,99,500.0,259.12410747446273
500,0.08,-0.07999999999999999,-0.12,-0.2,54,186.0,142.70906434510624
500,-0.12,-0.16,0.16,-0.03999999999999998,2,71.0,64.0341816121145
500,-0.2,-0.07999999999999999,0.16,0.12,38,280.0,189.61139275745032
500,-0.07999999999999999,-0.2,-0.12,-0.03999999999999998,80,222.0,162.25150200639618
500,0.12,0.0,-0.2,0.08,69,300.0,197.99331256942412
500,-0.07999999999999999,-0.03999999999999998,-0.12,0.08,4,383.0,227.8644425290078
500,-0.16,0.08,-0.2,0.04,66,277.0,188.3100953271938
500,0.16,-0.07999999999999999,0.08,-0.16,32,440.0,244.46472026041667
500,-0.2,0.2,0.08,-0.12,95,500.0,259.12410747446273
500,-0.07999999999999999,-0.2,0.12,-0.07999999999999999,57,500.0,259.12410747446273
500,0.0,-0.2,0.2,-0.12,25,500.0,259.12410747446273
500,0.2,0.0,0.2,-0.12,59,258.0,179.79048611073645
500,0.12,0.04,-0.12,0.04,17,234.0,168.30983472572058
500,0.04,0.08,-0.07999999999999999,0.16,10,283.0,190.90101361073013
500,0.04,-0.07999999999999999,-0.16,0.08,50,194.0,147.23629663068388
500,0.2,0.16,-0.2,0.16,54,389.0,229.7487010884371
500,-0.12,0.16,-0.2,-0.2,61,239.0,170.77037957951032
500,0.08,0.16,-0.12,0.0,51,500.0,259.12410747446273
500,-0.2,-0.2,0.16,-0.07999999999999999,3,229.0,165.81204718632685
500,-0.07999999999999999,-0.12,0.2,0.0,13,500.0,259.12410747446273
500,-0.03999999999999998,-0.16,-0.16,-0.12,14,288.0,193.02471789687
500,0.0,0.2,-0.03999999999999998,-0.2,2,171.0,133.92155037635496
500,-0.12,-0.03999999999999998,0.2,0.04,89,167.0,131.510553669984
500,-0.16,-0.2,-0.12,0.16,12,201.0,151.10933739656602
500,0.12,0.12,0.2,0.04,12,182.0,140.4043134529078
500,0.0,0.04,0.12,-0.07999999999999999,31,245.0,173.6746543350403
500,0.0,-0.12,-0.07999999999999999,-0.12,86,500.0,259.12410747446273
500,-0.2,0.08,-0.16,-0.16,67,258.0,179.79048611073645
500,-0.07999999999999999,-0.12,-0.07999999999999999,-0.16,51,346.0,215.46326885227384
500,0.0,-0.03999999999999998,-0.16,0.08,24,287.0,192.60252547328986
500,-0.16,-0.16,0.12,-0.03999999999999998,43,500.0,259.12410747446273
500,0.16,-0.03999999999999998,0.16,0.08,82,341.0,213.67919336719174
500,0.04,0.2,-0.07999999999999999,0.12,93,500.0,259.12410747446273
500,0.04,-0.07999999999999999,-0.03999999999999998,-0.16,58,500.0,259.12410747446273
500,-0.12,-0.16,-0.07999999999999999,0.0,36,500.0,259.12410747446273
500,-0.2,-0.16,-0.03999999999999998,0.12,22,500.0,259.12410747446273
500,0.04,-0.03999999999999998,0.0,-0.2,79,500.0,259.12410747446273
500,0.12,-0.16,0.2,0.08,58,244.0,173.1942370461788
500,-0.12,-0.2,-0.12,-0.07999999999999999,49,221.0,161.73671214282464
500,0.0,0.12,-0.07999999999999999,-0.07999999999999999,99,500.0,259.12410747446273
500,0.12,0.04,-0.07999999999999999,-0.2,7,247.0,174.63116948091906
500,-0.03999999999999998,-0.2,-0.03999999999999998,0.08,97,330.0,209.65859843020434
500,-0.2,-0.2,0.12,0.08,14,482.0,255.00028066360085
500,0.0,0.0,-0.07999999999999999,0.16,93,500.0,259.12410747446273
500,-0.07999999999999999,-0.2,0.16,0.2,57,299.0,197.58607078176942
500,-0.03999999999999998,0.2,0.2,0.04,43,177.0,137.48414931924944
500,0.0,-0.12,-0.16,0.16,38,500.0,259.12410747446273
500,-0.2,-0.03999999999999998,-0.2,-0.16,77,167.0,131.510553669984
500,0.08,0.16,0.12,0.2,74,212.0,157.03333534194144
500,-0.12,-0.07999999999999999,0.04,0.08,46,500.0,259.12410747446273
500,0.16,-0.16,0.0,-0.12,59,500.0,259.12410747446273
500,0.04,-0.12,0.16,0.2,50,291.0,194.28371089151398
500,-0.2,-0.03999999999999998,-0.12,-0.12,92,500.0,259.12410747446273
500,-0.03999999999999998,-0.12,0.12,-0.03999999999999998,65,500.0,259.12410747446273
500,0.2,0.2,-0.07999999999999999,-0.03999999999999998,47,500.0,259.12410747446273
500,-0.16,-0.03999999999999998,0.2,0.2,99,212.0,157.03333534194144
500,-0.2,-0.03999999999999998,0.2,0.12,78,202.0,151.65600938437632
500,0.0,0.0,0.08,0.08,96,500.0,259.12410747446273
500,0.16,0.08,0.2,0.08,96,190.0,144.98628243442008
500,-0.07999999999999999,0.0,-0.12,0.12,34,500.0,259.12410747446273
500,0.16,-0.16,0.2,0.04,81,216.0,159.13943414406606
500,0.16,-0.2,0.12,0.12,3,423.0,239.8076885236098
500,-0.12,0.04,-0.03999999999999998,-0.2,82,500.0,259.12410747446273
500,0.04,-0.12,0.16,-0.12,86,500.0,259.12410747446273
500,0.08,-0.03999999999999998,-0.16,0.04,100,500.0,259.12410747446273
500,-0.16,0.2,-0.03999999999999998,-0.12,59,500.0,259.12410747446273
500,0.0,0.12,-0.07999999999999999,0.2,43,500.0,259.12410747446273
500,0.16,0.04,0.0,-0.07999999999999999,94,500.0,259.12410747446273
500,-0.2,0.16,-0.12,0.08,6,500.0,259.12410747446273
500,-0.2,-0.2,-0.12,-0.03999999999999998,63,245.0,173.6746543350403
500,0.04,-0.2,-0.12,0.12,95,500.0,259.12410747446273
500,-0.07999999999999999,0.0,-0.16,0.16,83,500.0,259.12410747446273
500,0.2,0.04,-0.03999999999999998,0.0,26,500.0,259.12410747446273
500,0.08,-0.03999999999999998,-0.03999999999999998,0.08,23,500.0,259.12410747446273
500,-0.16,0.2,-0.03999999999999998,-0.07999999999999999,43,500.0,259.12410747446273
500,0.16,0.04,0.2,-0.07999999999999999,66,198.0,149.45943191453983
500,0.12,-0.03999999999999998,-0.2,-0.12,23,372.0,224.3204975514454
500,0.0,-0.07999999999999999,-0.2,0.2,74,266.0,183.437052934862
500,0.16,0.04,0.16,-0.16,18,500.0,259.12410747446273
500,0.04,0.04,-0.03999999999999998,0.16,11,500.0,259.12410747446273
500,-0.2,-0.2,0.12,-0.2,65,380.0,226.9094985863798
500,-0.03999999999999998,0.08,0.08,0.16,87,239.0,170.77037957951032
500,-0.2,0.12,-0.12,-0.07999999999999999,4,381.0,227.22877009062069
500,0.08,-0.07999999999999999,0.12,0.0,32,231.0,166.81566721163358
500,0.16,-0.2,-0.2,0.2,40,273.0,186.5566856540278
500,0.2,0.2,0.16,0.04,67,219.0,160.70248070472664
500,-0.2,0.08,0.08,0.04,90,360.0,220.3184249047243
500,-0.03999999999999998,0.2,-0.16,-0.07999999999999999,38,500.0,259.12410747446273
500,0.2,0.08,0.2,0.12,73,178.0,138.0716968712917
500,0.08,-0.03999999999999998,0.0,0.16,63,434.0,242.84815377542532
500,-0.16,-0.16,0.12,0.16,70,500.0,259.12410747446273
500,-0.07999999999999999,-0.16,0.08,0.16,28,306.0,200.41123495974165
500,-0.12,-0.2,0.16,0.12,70,273.0,186.5566856540278
500,-0.16,-0.2,0.2,-0.12,14,427.0,240.92495596970082
500,0.2,0.12,0.0,-0.12,19,389.0,229.7487010884371
500,-0.2,0.08,0.2,0.2,52,165.0,130.2941458980593
500,-0.03999999999999998,-0.2,0.2,-0.12,43,500.0,259.12410747446273
500,0.04,-0.03999999999999998,0.2,0.04,56,205.0,153.28620491745806
500,0.2,0.16,0.2,-0.16,25,500.0,259.12410747446273
500,-0.12,-0.12,0.08,0.2,44,500.0,259.12410747446273
500,-0.2,-0.12,-0.03999999999999998,0.12,5,500.0,259.12410747446273
500,-0.07999999999999999,-0.12,0.04,-0.16,40,349.0,216.52092012335413
500,0.0,0.2,0.12,0.04,30,142.0,115.76723398002918
500,0.2,-0.2,0.2,-0.03999999999999998,96,337.0,212.23250986091043
500,0.12,-0.07999999999999999,-0.2,0.0,77,223.0,162.76474750037698
500,0.0,0.04,-0.2,-0.03999999999999998,1,4.0,3.982035973
500,0.08,-0.2,-0.12,-0.16,79,314.0,203.56806917826825
500,0.04,-0.12,0.2,-0.16,16,491.0,257.0900700389085
500,0.04,0.0,0.12,-0.2,54,500.0,259.12410747446273
500,0.0,0.16,0.2,0.04,43,191.0,145.55132358711683
500,0.04,0.0,0.0,-0.2,35,500.0,259.12410747446273
500,0.04,0.04,0.04,-0.07999999999999999,90,500.0,259.12410747446273
500,0.08,0.0,0.0,0.08,80,500.0,259.12410747446273
500,0.08,0.0,-0.07999999999999999,-0.2,48,500.0,259.12410747446273
500,0.08,0.2,0.12,0.04,28,500.0,259.12410747446273
500,-0.03999999999999998,-0.16,0.0,-0.16,68,274.0,186.9970155970657
500,0.16,0.12,0.04,0.0,21,299.0,197.58607078176942
500,0.04,-0.2,0.0,-0.12,46,500.0,259.12410747446273
500,0.2,0.12,0.0,-0.16,19,318.0,205.1182590280022
500,0.0,-0.12,0.12,-0.12,29,500.0,259.12410747446273
500,-0.2,0.0,-0.12,-0.03999999999999998,71,500.0,259.12410747446273
500,0.2,0.0,0.0,0.08,92,500.0,259.12410747446273
500,-0.12,-0.03999999999999998,0.0,-0.03999999999999998,82,500.0,259.12410747446273
500,0.04,-0.2,0.08,-0.07999999999999999,84,345.0,215.1085946361824
500,-0.2,0.08,0.08,-0.12,33,473.0,252.85321121600293
500,0.08,0.12,0.12,0.04,23,248.0,175.1072759724763
500,0.0,0.04,-0.12,0.2,20,500.0,259.12410747446273
500,0.0,0.16,0.2,0.0,24,158.0,125.97869311717926
500,-0.16,-0.2,0.16,-0.03999999999999998,8,209.0,155.43706734402016
500,-0.12,0.16,-0.2,-0.07999999999999999,75,500.0,259.12410747446273
500,0.04,-0.03999999999999998,0.04,0.08,33,442.0,244.9971321213365
500,0.12,-0.07999999999999999,-0.07999999999999999,0.0,41,500.0,259.12410747446273
500,0.12,0.2,-0.2,0.16,27,500.0,259.12410747446273
500,0.04,0.04,0.12,0.0,50,221.0,161.73671214282464
500,-0.03999999999999998,-0.03999999999999998,0.12,0.04,53,465.0,250.89534980320153
500,0.0,-0.16,0.16,0.2,99,357.0,219.29515727189428
500,0.0,-0.12,0.2,0.2,35,309.0,201.60394853734454
500,0.16,0.12,0.04,0.08,70,500.0,259.12410747446273
500,0.12,-0.03999999999999998,0.08,0.2,74,500.0,259.12410747446273
500,-0.07999999999999999,0.12,0.0,-0.12,77,438.0,243.9290994954942
500,0.04,0.12,-0.12,0.0,4,261.0,181.1682302245217
500,0.0,-0.07999999999999999,-0.07999999999999999,-0.16,90,324.0,207.4088904110126
500,0.16,-0.07999999999999999,-0.03999999999999998,0.04,81,483.0,255.23527982161005
500,0.12,-0.12,-0.07999999999999999,0.0,35,500.0,259.12410747446273
500,0.12,0.08,-0.16,0.04,20,329.0,209.28645780361518
500,0.0,0.12,0.2,-0.07999999999999999,84,266.0,183.437052934862
500,0.12,0.0,0.0,-0.03999999999999998,89,500.0,259.12410747446273
500,0.16,0.04,-0.07999999999999999,-0.07999999999999999,63,500.0,259.12410747446273
500,-0.2,-0.07999999999999999,0.12,-0.12,66,500.0,259.12410747446273
500,0.08,0.16,0.12,0.16,45,203.0,152.2010413562232
500,-0.2,-0.12,0.16,-0.2,67,500.0,259.12410747446273
500,0.0,-0.03999999999999998,0.0,0.0,36,500.0,259.12410747446273
500,-0.03999999999999998,0.04,-0.2,-0.07999999999999999,76,223.0,162.76474750037698
500,0.0,-0.12,-0.16,0.12,83,257.0,179.32847152531238
500,0.12,0.12,0.0,0.0,35,500.0,259.12410747446273
500,0.2,-0.03999999999999998,-0.12,-0.12,20,395.0,231.5992963534892
500,-0.03999999999999998,0.12,-0.07999999999999999,-0.16,90,500.0,259.12410747446273
500,0.2,-0.07999999999999999,-0.12,0.16,94,286.0,192.1790626612737
500,0.08,0.08,0.2,0.0,28,309.0,201.60394853734454
500,-0.16,0.16,-0.2,0.2,41,500.0,259.12410747446273
500,0.12,-0.07999999999999999,-0.16,-0.12,71,277.0,188.3100953271938
500,0.04,-0.2,-0.07999999999999999,-0.16,50,252.0,176.997461529307
500,0.04,0.2,0.12,0.04,50,252.0,176.997461529307
500,-0.12,0.2,-0.07999999999999999,0.12,12,280.0,189.61139275745032
500,0.08,0.12,0.2,0.04,12,121.0,101.59765633574611
500,0.12,-0.12,0.04,-0.2,56,331.0,210.02962263491372
500,-0.03999999999999998,-0.03999999999999998,0.0,0.2,44,500.0,259.12410747446273
500,-0.16,-0.2,-0.16,0.12,19,214.0,158.08954862990785
500,0.04,0.0,-0.12,-0.16,90,257.0,179.32847152531238
500,0.08,-0.12,-0.03999999999999998,0.12,43,444.0,245.52635430279756
500,0.2,0.0,-0.12,0.08,7,471.0,252.36814879543638
500,0.08,-0.03999999999999998,-0.03999999999999998,-0.03999999999999998,26,453.0,247.86889152816966
500,0.12,-0.2,-0.2,0.04,67,236.0,169.2984905058788
500,0.16,0.16,0.16,-0.03999999999999998,61,228.0,165.30797109962572
500,-0.07999999999999999,0.0,0.04,0.16,95,363.0,221.33251072945674
500,0.2,-0.12,-0.12,-0.07999999999999999,94,500.0,259.12410747446273
500,0.0,0.0,0.04,0.0,69,500.0,259.12410747446273
500,-0.2,0.12,0.12,0.04,61,239.0,170.77037957951032
500,-0.2,-0.16,-0.2,-0.2,40,136.0,111.80959300507357
500,0.04,-0.07999999999999999,0.12,0.16,75,334.0,211.13603016021082
500,-0.07999999999999999,-0.2,-0.16,0.2,75,212.0,157.03333534194144
500,0.2,0.04,0.08,-0.12,71,500.0,259.12410747446273
500,0.08,-0.2,0.0,0.2,19,500.0,259.12410747446273
500,0.16,-0.16,-0.07999999999999999,0.04,33,484.0,255.46957398214522
500,0.12,0.04,0.12,-0.07999999999999999,62,500.0,259.12410747446273
500,0.08,-0.07999999999999999,-0.07999999999999999,0.08,65,500.0,259.12410747446273
500,0.16,0.0,-0.16,0.0,58,322.0,206.6499301424963
500,0.2,0.2,0.12,-0.12,7,500.0,259.12410747446273
500,0.08,-0.07999999999999999,0.0,-0.07999999999999999,26,392.0,230.6781687903556
500,0.0,0.0,-0.03999999999999998,-0.07999999999999999,52,443.0,245.26214072497248
500,0.16,0.12,0.08,-0.2,5,500.0,259.12410747446273
500,-0.03999999999999998,0.08,0.2,0.0,73,221.0,161.73671214282464
500,0.2,0.0,0.12,0.0,78,286.0,192.1790626612737
500,-0.07999999999999999,-0.2,0.08,-0.12,76,500.0,259.12410747446273
500,-0.16,0.12,0.04,-0.2,77,500.0,259.12410747446273
500,-0.03999999999999998,0.16,0.2,0.16,97,148.0,119.65416956664384
500,-0.12,-0.12,-0.16,-0.12,7,468.0,251.63506805524293
500,0.04,0.16,-0.2,0.04,68,338.0,212.5958123313277
500,0.16,-0.03999999999999998,0.2,-0.12,34,246.0,174.15363037203517
500,-0.07999999999999999,-0.07999999999999999,0.16,0.16,11,286.0,192.1790626612737
500,0.08,-0.2,0.0,-0.16,67,500.0,259.12410747446273
500,-0.07999999999999999,0.2,0.16,0.2,11,145.0,117.71946046381106
500,0.16,-0.03999999999999998,-0.12,-0.03999999999999998,100,287.0,192.60252547328986
500,0.04,0.04,0.16,0.2,38,235.0,168.8049052215434
500,0.12,0.08,-0.16,0.12,48,285.0,191.75432563818825
500,0.12,-0.16,0.0,-0.16,46,219.0,160.70248070472664
500,-0.07999999999999999,-0.16,-0.16,-0.03999999999999998,6,123.0,102.98598477663866
500,0.04,0.16,0.08,-0.2,38,445.0,245.78977523988917
500,-0.12,-0.16,0.16,-0.07999999999999999,66,500.0,259.12410747446273
500,0.12,-0.03999999999999998,-0.07999999999999999,-0.12,40,367.0,222.6704846432994
500,0.12,0.08,0.16,-0.2,73,300.0,197.99331256942412
500,0.12,0.12,-0.07999999999999999,-0.07999999999999999,76,500.0,259.12410747446273
500,0.12,0.08,0.16,-0.2,67,500.0,259.12410747446273
500,0.12,0.2,0.0,0.08,78,265.0,182.9860109677653
500,-0.12,0.0,0.04,0.08,15,399.0,232.81462213828596
500,-0.12,0.04,0.04,0.2,28,228.0,165.30797109962572
500,-0.12,0.0,0.2,0.2,41,210.0,155.9707561419881
500,-0.2,-0.2,0.16,-0.2,24,500.0,259.12410747446273
500,0.0,-0.07999999999999999,0.12,0.08,48,388.0,229.43701212481153
500,0.04,0.12,-0.2,-0.07999999999999999,83,213.0,157.5622353359156
500,-0.2,-0.03999999999999998,0.08,0.08,76,299.0,197.58607078176942
500,-0.16,-0.2,-0.07999999999999999,0.08,62,354.0,218.2626246963858
500,0.16,-0.07999999999999999,-0.12,0.08,45,500.0,259.12410747446273
500,-0.03999999999999998,-0.16,0.08,-0.2,43,500.0,259.12410747446273
500,0.08,0.2,0.08,-0.12,43,316.0,204.34549287582124
500,0.04,0.2,-0.12,-0.12,48,353.0,217.91637381783934
500,0.2,-0.03999999999999998,-0.07999999999999999,0.04,14,334.0,211.13603016021082
500,0.04,-0.16,-0.2,-0.2,26,140.0,114.4559395136555
500,-0.16,0.04,-0.07999999999999999,0.16,79,500.0,259.12410747446273
500,0.16,-0.12,-0.12,0.0,27,317.0,204.73245639719377
500,-0.2,0.2,0.12,0.04,93,500.0,259.12410747446273
500,-0.12,-0.16,-0.16,-0.07999999999999999,49,428.0,241.20218110179172
500,0.08,-0.16,0.16,0.2,81,328.0,208.9131973958026
500,0.16,-0.2,-0.16,0.08,8,256.0,178.86506672548884
500,0.08,-0.16,0.04,-0.03999999999999998,93,500.0,259.12410747446273
500,-0.12,0.08,-0.16,0.16,96,500.0,259.12410747446273
500,0.12,-0.16,-0.16,0.04,3,175.0,136.3037450558792
500,0.12,-0.2,-0.2,0.0,100,178.0,138.0716968712917
500,0.04,-0.03999999999999998,0.04,0.04,90,500.0,259.12410747446273
500,-0.12,-0.16,0.04,0.16,15,500.0,259.12410747446273
500,0.0,0.2,0.16,-0.16,85,304.0,199.61009906322946
500,0.08,-0.2,0.16,-0.12,14,444.0,245.52635430279756
500,0.0,-0.16,-0.03999999999999998,-0.07999999999999999,91,337.0,212.23250986091043
500,-0.03999999999999998,-0.2,0.08,-0.2,80,282.0,190.47243090344045
500,-0.16,0.12,-0.2,0.16,24,352.0,217.56908106102242
500,-0.2,0.08,0.12,-0.03999999999999998,76,278.0,188.74516504121223
500,0.12,0.04,0.2,-0.2,68,271.0,185.67204688692738
500,-0.2,0.2,-0.12,0.2,54,500.0,259.12410747446273
500,0.04,-0.16,0.04,-0.07999999999999999,25,500.0,259.12410747446273
500,0.04,-0.12,-0.12,0.0,77,500.0,259.12410747446273
500,-0.07999999999999999,0.04,-0.16,-0.07999999999999999,7,149.0,120.29520705794391
500,0.08,0.04,0.16,-0.07999999999999999,82,298.0,197.17760359254706
500,0.2,0.2,0.12,-0.12,23,500.0,259.12410747446273
500,-0.03999999999999998,0.08,0.04,0.2,7,500.0,259.12410747446273
500,-0.07999999999999999,-0.07999999999999999,-0.16,0.08,33,500.0,259.12410747446273
500,0.0,0.2,0.08,-0.03999999999999998,98,294.0,195.53140690802422
500,0.16,0.12,0.12,-0.16,54,326.0,208.16330374856022
500,0.2,0.12,-0.03999999999999998,-0.12,4,479.0,254.2910319592289
500,0.16,0.04,-0.16,0.08,17,500.0,259.12410747446273
500,-0.2,0.04,-0.07999999999999999,-0.03999999999999998,43,500.0,259.12410747446273
500,0.16,0.04,-0.03999999999999998,-0.12,72,500.0,259.12410747446273
500,0.2,0.0,0.16,0.16,50,325.0,207.78666373977956
500,-0.07999999999999999,0.16,-0.07999999999999999,0.08,54,500.0,259.12410747446273
500,0.2,0.04,-0.12,-0.16,65,500.0,259.12410747446273
500,0.04,0.04,-0.03999999999999998,-0.16,83,500.0,259.12410747446273
500,0.0,0.12,-0.03999999999999998,-0.03999999999999998,92,500.0,259.12410747446273
500,-0.03999999999999998,0.0,-0.16,-0.07999999999999999,84,227.0,164.8023782343287
500,-0.16,-0.03999999999999998,0.0,-0.12,20,303.0,199.20772222991923
500,0.16,0.04,-0.03999999999999998,0.16,81,500.0,259.12410747446273
500,0.04,0.0,0.12,-0.07999999999999999,40,479.0,254.2910319592289
500,0.16,0.08,0.04,-0.16,59,500.0,259.12410747446273
500,0.04,0.04,-0.16,-0.12,12,353.0,217.91637381783934
500,-0.12,0.04,-0.16,0.2,55,500.0,259.12410747446273
500,0.16,-0.2,-0.03999999999999998,0.0,83,339.0,212.9580248943337
500,0.0,-0.2,-0.12,0.08,94,275.0,187.4360245502745
500,0.16,0.12,0.2,0.04,90,233.0,167.81327454936869
500,0.12,0.12,0.2,-0.16,78,198.0,149.45943191453983
500,0.08,0.16,0.2,0.12,24,148.0,119.65416956664384
500,0.12,0.12,0.16,-0.03999999999999998,57,254.0,177.93406973728491
500,0.12,0.16,0.2,-0.12,45,171.0,133.92155037635496
500,0.04,-0.07999999999999999,0.04,-0.2,64,500.0,259.12410747446273
500,0.2,-0.03999999999999998,-0.07999999999999999,0.08,84,491.0,257.0900700389085
500,-0.2,-0.07999999999999999,0.08,0.0,95,500.0,259.12410747446273
500,0.0,-0.2,0.0,-0.12,2,140.0,114.4559395136555
500,0.12,0.04,-0.16,-0.12,40,216.0,159.13943414406606
500,-0.16,-0.03999999999999998,0.04,-0.03999999999999998,6,267.0,183.88674177605742
500,0.0,-0.07999999999999999,-0.12,-0.16,75,254.0,177.93406973728491
500,0.04,-0.16,0.04,0.16,15,439.0,244.1973121970077
500,-0.2,0.0,0.12,-0.12,16,340.0,213.3191508196507
500,-0.16,0.16,-0.07999999999999999,0.08,62,500.0,259.12410747446273
500,0.04,0.0,-0.07999999999999999,-0.07999999999999999,5,337.0,212.23250986091043
500,-0.03999999999999998,0.0,-0.16,0.0,63,500.0,259.12410747446273
500,0.08,0.0,0.0,-0.07999999999999999,54,500.0,259.12410747446273
500,-0.12,-0.07999999999999999,0.04,-0.2,39,375.0,225.29867267026287
500,0.0,-0.16,-0.12,0.08,71,274.0,186.9970155970657
500,-0.16,0.2,0.2,0.2,63,185.0,142.13547075737839
500,0.16,0.16,-0.16,0.12,82,500.0,259.12410747446273
500,-0.03999999999999998,0.0,-0.03999999999999998,-0.03999999999999998,80,500.0,259.12410747446273
500,-0.2,0.04,0.04,0.04,68,500.0,259.12410747446273
500,0.16,-0.2,0.12,0.2,24,500.0,259.12410747446273
500,0.08,0.04,0.16,-0.2,57,500.0,259.12410747446273
500,-0.12,-0.07999999999999999,0.2,0.0,35,254.0,177.93406973728491
500,-0.07999999999999999,-0.07999999999999999,0.0,-0.12,98,500.0,259.12410747446273
500,0.08,0.2,0.04,0.08,96,500.0,259.12410747446273
500,-0.2,-0.16,0.04,0.0,10,500.0,259.12410747446273
500,0.08,0.2,-0.07999999999999999,-0.16,34,456.0,248.63576627202733
500,-0.16,-0.03999999999999998,-0.03999999999999998,-0.07999999999999999,27,369.0,223.3334657698014
500,0.04,0.2,0.12,-0.12,51,284.0,191.32831056989795
500,-0.16,-0.2,-0.16,0.0,12,500.0,259.12410747446273
500,0.16,0.08,-0.16,0.0,13,500.0,259.12410747446273
500,-0.03999999999999998,-0.16,0.16,-0.03999999999999998,61,500.0,259.12410747446273
500,-0.2,0.0,-0.12,0.16,61,500.0,259.12410747446273
500,-0.07999999999999999,-0.07999999999999999,0.08,0.2,24,500.0,259.12410747446273
500,-0.12,0.16,0.0,0.2,33,500.0,259.12410747446273
500,-0.07999999999999999,0.12,0.04,0.16,40,266.0,183.437052934862
500,0.04,0.12,0.0,0.12,5,331.0,210.02962263491372
500,0.12,0.16,0.04,0.0,78,336.0,211.868114203521
500,0.2,-0.07999999999999999,0.04,-0.03999999999999998,51,500.0,259.12410747446273
500,-0.16,0.12,0.2,0.16,60,154.0,123.4716629547754
500,-0.03999999999999998,-0.16,-0.07999999999999999,0.04,80,500.0,259.12410747446273
500,0.12,-0.16,0.04,0.08,7,470.0,252.12452236252395
500,0.0,-0.16,-0.16,0.04,1,47.0,43.89824082999778
500,-0.03999999999999998,-0.07999999999999999,-0.16,-0.07999999999999999,65,218.0,160.18302979410896
500,-0.16,-0.07999999999999999,-0.2,0.08,29,189.0,144.41954105759285
500,0.2,0.08,0.16,-0.12,44,299.0,197.58607078176942
500,-0.2,0.16,-0.2,0.0,14,390.0,230.05945498517178
500,0.16,-0.07999999999999999,0.12,-0.12,49,500.0,259.12410747446273
500,-0.03999999999999998,0.16,0.0,0.12,58,460.0,249.64757254861843
500,0.0,0.0,-0.12,-0.12,12,177.0,137.48414931924944
500,0.04,0.12,-0.03999999999999998,-0.12,11,500.0,259.12410747446273
500,0.0,0.12,0.2,-0.12,75,194.0,147.23629663068388
500,-0.03999999999999998,-0.12,0.08,0.04,43,500.0,259.12410747446273
500,0.04,0.12,0.16,-0.07999999999999999,14,248.0,175.1072759724763
500,-0.2,-0.12,0.16,0.08,25,500.0,259.12410747446273
500,0.08,0.2,0.08,0.2,59,223.0,162.76474750037698
500,0.12,-0.03999999999999998,0.08,0.0,98,500.0,259.12410747446273
500,-0.2,-0.16,0.12,-0.03999999999999998,19,499.0,258.9008099041753
500,0.0,-0.07999999999999999,0.12,0.16,25,229.0,165.81204718632685
500,0.16,0.2,0.12,0.04,85,206.0,153.8263463027057
500,0.2,-0.2,-0.2,0.0,36,292.0,194.70085975883944
500,0.0,0.12,0.2,-0.03999999999999998,65,225.0,163.78662389810222
500,0.08,-0.03999999999999998,0.04,-0.12,38,500.0,259.12410747446273
500,0.04,0.12,0.0,-0.16,3,174.0,135.71087768894606
500,0.16,0.16,0.04,0.12,4,266.0,183.437052934862
500,-0.12,-0.12,0.2,-0.2,73,500.0,259.12410747446273
500,0.2,-0.07999999999999999,0.12,-0.12,25,419.0,238.67691270758837
500,0.16,0.0,0.04,-0.03999999999999998,40,418.0,238.39208897451192
500,0.12,0.16,0.2,-0.2,57,210.0,155.9707561419881
500,0.12,0.04,-0.03999999999999998,0.04,55,500.0,259.12410747446273
500,-0.2,0.04,-0.2,0.04,41,358.0,219.6372718000786
500,0.0,0.16,-0.03999999999999998,0.0,27,500.0,259.12410747446273
500,0.2,0.12,-0.12,0.2,58,500.0,259.12410747446273
500,0.2,-0.2,-0.16,0.2,30,243.0,172.71237416868487
500,0.08,-0.07999999999999999,0.12,-0.07999999999999999,25,314.0,203.56806917826825
500,-0.2,0.0,0.12,-0.12,56,500.0,259.12410747446273
500,0.04,0.0,0.04,0.04,5,500.0,259.12410747446273
500,0.2,-0.16,-0.12,0.04,84,289.0,193.44564374317937
500,-0.16,-0.03999999999999998,0.0,0.2,15,500.0,259.12410747446273
500,-0.03999999999999998,-0.12,0.2,0.04,25,281.0,190.04255857917798
500,-0.07999999999999999,0.04,-0.12,0.2,22,387.0,229.12438528065348
500,-0.12,0.04,-0.2,0.16,77,500.0,259.12410747446273
500,0.0,-0.12,0.16,-0.2,63,500.0,259.12410747446273
500,-0.03999999999999998,0.04,-0.2,-0.2,16,165.0,130.2941458980593
500,-0.12,-0.12,0.08,0.2,28,500.0,259.12410747446273
500,-0.16,-0.2,-0.2,0.2,28,235.0,168.8049052215434
500,0.04,-0.2,0.12,0.04,40,500.0,259.12410747446273
500,0.08,-0.16,-0.2,0.2,62,282.0,190.47243090344045
500,0.16,0.12,0.16,0.12,44,172.0,134.5197857252259
500,-0.2,-0.12,-0.2,-0.2,43,142.0,115.76723398002918
500,0.08,-0.12,-0.2,-0.16,68,152.0,122.2068039170424
500,-0.2,-0.12,0.16,-0.2,61,500.0,259.12410747446273
500,0.12,-0.16,0.0,0.16,49,500.0,259.12410747446273
500,0.08,0.0,0.08,0.08,15,291.0,194.28371089151398
500,0.16,0.0,0.2,0.16,69,251.0,176.52704265727883
500,0.04,-0.12,0.16,-0.16,90,385.0,228.4963066538165
500,-0.12,0.12,0.16,0.2,70,164.0,129.68319548451285
500,0.12,0.12,0.04,0.0,21,500.0,259.12410747446273
500,-0.12,0.12,0.16,-0.12,37,199.0,150.0110536187962
500,0.12,0.0,-0.03999999999999998,0.2,37,500.0,259.12410747446273
500,-0.12,-0.2,0.0,-0.03999999999999998,76,500.0,259.12410747446273
500,-0.2,0.0,0.2,0.0,84,245.0,173.6746543350403
500,0.16,0.12,0.16,0.08,77,347.0,215.81687904571703
500,0.0,0.04,0.08,-0.12,87,422.0,239.52626732558656
500,0.16,-0.03999999999999998,0.2,-0.03999999999999998,97,203.0,152.2010413562232
500,0.12,0.16,0.0,-0.07999999999999999,37,500.0,259.12410747446273
500,-0.07999999999999999,-0.16,-0.2,0.12,98,255.0,178.40026752807307
500,-0.12,0.12,-0.03999999999999998,0.0,46,446.0,246.0524059141695
500,0.12,-0.12,0.2,0.04,73,399.0,232.81462213828596
500,-0.2,0.04,-0.07999999999999999,-0.03999999999999998,9,500.0,259.12410747446273
500,-0.2,-0.2,0.2,0.08,63,311.0,202.3931392816573
500,0.08,0.0,-0.2,-0.03999999999999998,7,158.0,125.97869311717926
500,0.12,0.12,0.12,0.2,93,161.0,127.8392919024141
500,-0.07999999999999999,0.2,-0.16,-0.03999999999999998,47,433.0,242.57588141968438
500,0.08,-0.03999999999999998,-0.03999999999999998,0.0,18,437.0,243.6600797346983
500,0.04,-0.07999999999999999,-0.2,0.12,1,3.0,2.991009
500,-0.16,0.16,0.12,0.04,87,282.0,190.47243090344045
500,-0.2,-0.03999999999999998,-0.03999999999999998,-0.03999999999999998,42,364.0,221.66851319726837
500,-0.2,0.04,-0.07999999999999999,-0.16,75,500.0,259.12410747446273
500,-0.12,0.16,-0.16,0.16,17,314.0,203.56806917826825
500,0.08,0.08,-0.03999999999999998,0.16,23,298.0,197.17760359254706
500,-0.03999999999999998,-0.03999999999999998,0.12,0.2,68,384.0,228.18084920142076
500,-0.16,-0.07999999999999999,0.08,0.16,38,336.0,211.868114203521
500,0.16,0.0,-0.16,0.12,27,368.0,223.0024731893695
500,0.2,-0.2,-0.12,-0.12,72,260.0,180.71036130844703
500,-0.12,-0.2,-0.2,-0.2,100,142.0,115.76723398002918
500,-0.16,0.2,0.2,0.2,70,134.0,110.47444540750996
500,0.12,0.16,0.2,0.04,68,175.0,136.3037450558792
500,-0.07999999999999999,0.2,0.16,0.12,10,192.0,146.11466961635549
500,-0.07999999999999999,-0.16,-0.07999999999999999,0.16,13,402.0,233.71657924784432
500,-0.12,0.04,0.12,-0.2,100,357.0,219.29515727189428
500,0.04,0.12,0.12,0.0,85,308.0,201.20757125109782
500,0.16,-0.2,0.04,0.2,43,500.0,259.12410747446273
500,-0.12,-0.2,0.16,-0.07999999999999999,99,500.0,259.12410747446273
500,-0.12,-0.07999999999999999,-0.12,0.16,11,374.0,224.97359345061471
500,-0.12,0.08,0.08,-0.12,81,500.0,259.12410747446273
500,0.04,-0.16,-0.12,0.0,57,500.0,259.12410747446273
500,0.08,0.16,0.04,0.04,84,230.0,166.31461104476787
500,-0.07999999999999999,0.12,0.12,-0.16,72,500.0,259.12410747446273
500,0.04,0.2,0.16,0.0,74,218.0,160.18302979410896
500,0.04,0.08,-0.12,-0.07999999999999999,52,500.0,259.12410747446273
500,0.12,0.12,0.16,-0.07999999999999999,96,450.0,247.09507329238923
500,0.08,-0.07999999999999999,0.08,-0.12,99,500.0,259.12410747446273
500,0.0,-0.12,-0.03999999999999998,-0.03999999999999998,67,344.0,214.75285319576972
500,0.08,0.12,0.0,0.08,99,500.0,259.12410747446273
500,0.16,-0.07999999999999999,0.08,-0.2,8,172.0,134.5197857252259
500,0.04,0.04,0.0,0.16,30,500.0,259.12410747446273
500,0.2,0.12,-0.12,-0.16,33,500.0,259.12410747446273
500,-0.03999999999999998,0.0,-0.03999999999999998,-0.07999999999999999,76,500.0,259.12410747446273
500,0.16,-0.03999999999999998,0.2,-0.2,37,500.0,259.12410747446273
500,0.0,-0.03999999999999998,0.16,0.16,87,228.0,165.30797109962572
500,-0.2,-0.03999999999999998,0.12,-0.07999999999999999,4,500.0,259.12410747446273
500,-0.12,0.12,0.16,0.04,64,224.0,163.27645325787586
500,0.12,-0.16,0.08,0.0,86,500.0,259.12410747446273
500,-0.2,-0.2,-0.07999999999999999,0.16,13,199.0,150.0110536187962
500,-0.12,-0.03999999999999998,0.16,0.04,40,414.0,237.2441977914856
500,-0.07999999999999999,-0.2,0.0,0.12,63,500.0,259.12410747446273
500,-0.16,-0.16,-0.07999999999999999,0.08,64,500.0,259.12410747446273
500,-0.03999999999999998,-0.07999999999999999,0.12,-0.2,65,500.0,259.12410747446273
500,0.12,0.2,0.12,-0.07999999999999999,5,323.0,207.0299803520688
500,0.12,0.12,0.2,-0.03999999999999998,16,148.0,119.65416956664384
500,-0.03999999999999998,-0.12,-0.16,0.04,86,198.0,149.45943191453983
500,0.08,-0.07999999999999999,0.2,-0.03999999999999998,73,232.0,167.31522020999867
500,-0.2,0.2,0.04,-0.12,80,500.0,259.12410747446273
500,0.2,-0.03999999999999998,0.04,0.08,66,500.0,259.12410747446273
500,0.04,-0.16,-0.12,-0.07999999999999999,1,7.0,6.9373140566993
500,-0.03999999999999998,0.2,0.12,0.16,87,193.0,146.6763256075064
500,0.2,-0.2,0.04,0.04,25,500.0,259.12410747446273
500,-0.16,-0.03999999999999998,0.16,-0.2,70,322.0,206.6499301424963
500,-0.12,0.12,-0.03999999999999998,-0.16,71,500.0,259.12410747446273
500,0.04,0.0,0.2,-0.2,39,500.0,259.12410747446273
500,0.0,-0.16,0.2,0.0,1,11.0,10.836476127309975
500,-0.16,-0.03999999999999998,0.0,0.12,85,500.0,259.12410747446273
500,0.08,0.2,0.04,-0.16,65,500.0,259.12410747446273
500,-0.07999999999999999,-0.16,0.08,-0.07999999999999999,27,500.0,259.12410747446273
500,0.16,0.08,-0.07999999999999999,-0.03999999999999998,42,500.0,259.12410747446273
500,-0.16,-0.07999999999999999,0.08,0.16,26,426.0,240.64689665967987
500,0.16,0.08,0.08,-0.12,47,395.0,231.5992963534892
500,-0.03999999999999998,-0.07999999999999999,0.08,0.16,40,500.0,259.12410747446273
500,0.04,0.12,-0.12,0.2,44,500.0,259.12410747446273
500,-0.16,-0.03999999999999998,0.08,0.2,56,320.0,205.88639553816543
500,0.12,0.12,-0.2,0.12,44,328.0,208.9131973958026
500,-0.12,-0.16,0.12,0.04,94,500.0,259.12410747446273
500,-0.12,-0.16,-0.03999999999999998,0.08,12,245.0,173.6746543350403
500,-0.03999999999999998,0.16,-0.07999999999999999,0.12,49,500.0,259.12410747446273
500,-0.12,0.16,0.04,-0.03999999999999998,41,286.0,192.1790626612737
500,0.16,-0.2,-0.07999999999999999,-0.07999999999999999,47,205.0,153.28620491745806
500,-0.12,0.12,-0.16,0.12,73,500.0,259.12410747446273
500,0.2,-0.07999999999999999,0.12,-0.12,65,400.0,233.1161782718711
500,-0.03999999999999998,-0.12,0.2,-0.07999999999999999,9,218.0,160.18302979410896
500,-0.03999999999999998,-0.03999999999999998,0.0,0.08,94,500.0,259.12410747446273
500,0.16,0.12,-0.03999999999999998,0.04,98,486.0,255.93605576441817
500,0.08,-0.03999999999999998,-0.16,0.16,85,500.0,259.12410747446273
500,0.12,0.04,0.2,0.0,55,369.0,223.3334657698014
500,0.16,0.12,0.16,0.12,68,156.0,124.72894422201334
500,0.08,-0.2,0.2,-0.12,79,282.0,190.47243090344045
500,0.2,0.08,-0.2,0.0,73,426.0,240.64689665967987
500,-0.2,-0.16,0.16,0.16,10,500.0,259.12410747446273
500,-0.2,0.16,-0.07999999999999999,-0.2,91,500.0,259.12410747446273
500,-0.2,-0.16,0.0,-0.2,60,500.0,259.12410747446273
500,-0.12,0.12,-0.16,0.16,23,336.0,211.868114203521
500,0.2,-0.2,-0.2,0.12,29,306.0,200.41123495974165
500,0.04,-0.16,0.2,-0.12,22,255.0,178.40026752807307
500,0.0,-0.2,0.12,-0.03999999999999998,60,378.0,226.26807059732843
500,-0.07999999999999999,-0.16,-0.16,-0.16,13,238.0,170.2812232492581
500,0.08,0.12,0.08,-0.16,62,435.0,243.11960931409905
500,0.2,-0.12,-0.16,0.16,77,307.0,200.8100012548624
500,-0.2,-0.03999999999999998,0.0,-0.2,30,500.0,259.12410747446273
500,0.04,-0.2,0.08,-0.03999999999999998,80,500.0,259.12410747446273
500,0.08,0.16,0.0,0.0,19,242.0,172.22906135274312
500,-0.07999999999999999,0.2,-0.03999999999999998,-0.07999999999999999,12,361.0,220.65746963001013
500,0.0,0.16,0.0,0.16,75,500.0,259.12410747446273
500,0.0,0.12,0.2,-0.12,51,500.0,259.12410747446273
500,-0.16,-0.16,-0.2,0.16,10,500.0,259.12410747446273
500,-0.16,0.2,0.0,0.2,5,362.0,220.9954972211201
500,-0.07999999999999999,0.12,-0.07999999999999999,0.08,12,410.0,236.08242798092525
500,0.12,0.12,0.2,-0.07999999999999999,26,500.0,259.12410747446273
500,-0.03999999999999998,-0.03999999999999998,0.04,-0.12,6,354.0,218.2626246963858
500,-0.16,-0.2,-0.07999999999999999,0.08,6,323.0,207.0299803520688
500,-0.07999999999999999,0.04,0.2,-0.12,38,270.0,185.22773007715884
500,-0.12,0.0,0.16,0.2,27,261.0,181.1682302245217
500,-0.2,-0.12,0.2,0.08,60,356.0,218.95201331182977
500,-0.07999999999999999,-0.12,0.04,0.12,8,500.0,259.12410747446273
500,0.04,-0.03999999999999998,0.2,-0.16,28,213.0,157.5622353359156
500,0.12,-0.12,-0.12,0.12,72,398.0,232.51215861412834
500,0.16,0.2,-0.07999999999999999,0.12,73,500.0,259.12410747446273
500,0.16,0.2,0.16,-0.16,32,220.0,161.22037326261247
500,0.04,-0.07999999999999999,-0.07999999999999999,-0.12,18,251.0,176.52704265727883
500,-0.03999999999999998,0.04,-0.2,-0.03999999999999998,70,260.0,180.71036130844703
500,0.08,-0.2,0.04,0.0,49,412.0,236.66505815489154
500,0.16,-0.03999999999999998,-0.07999999999999999,0.0,31,500.0,259.12410747446273
500,-0.07999999999999999,0.16,0.04,-0.12,7,469.0,251.8801628510772
500,-0.03999999999999998,-0.07999999999999999,0.12,-0.07999999999999999,5,500.0,259.12410747446273
500,0.2,-0.03999999999999998,0.08,-0.2,27,500.0,259.12410747446273
500,0.16,-0.03999999999999998,0.0,0.12,55,500.0,259.12410747446273
500,0.2,0.16,0.0,-0.16,49,500.0,259.12410747446273
500,0.08,0.12,0.08,-0.07999999999999999,83,500.0,259.12410747446273
500,-0.07999999999999999,-0.07999999999999999,-0.2,-0.07999999999999999,28,155.0,124.10124796591107
500,0.0,-0.07999999999999999,-0.16,-0.03999999999999998,10,214.0,158.08954862990785
500,0.16,-0.2,0.2,-0.2,46,500.0,259.12410747446273
500,-0.16,0.2,-0.12,0.16,55,469.0,251.8801628510772
500,0.04,0.2,0.0,0.12,21,270.0,185.22773007715884
500,-0.03999999999999998,-0.2,-0.03999999999999998,-0.2,75,500.0,259.12410747446273
500,0.12,-0.2,-0.16,-0.03999999999999998,44,180.0,139.2415093353358
500,0.12,0.04,0.16,-0.03999999999999998,42,312.0,202.78595986381234
500,0.0,0.08,-0.2,0.08,92,338.0,212.5958123313277
500,0.08,0.08,-0.07999999999999999,0.0,4,283.0,190.90101361073013
500,-0.2,-0.03999999999999998,-0.16,-0.07999999999999999,13,329.0,209.28645780361518
500,-0.07999999999999999,0.0,0.0,-0.16,6,237.0,169.79059503436116
500,-0.07999999999999999,-0.2,0.08,-0.16,89,446.0,246.0524059141695
500,-0.03999999999999998,0.04,0.12,0.04,100,387.0,229.12438528065348
500,0.16,0.12,0.2,-0.03999999999999998,22,145.0,117.71946046381106
500,-0.07999999999999999,0.2,0.08,-0.2,47,367.0,222.6704846432994
500,-0.07999999999999999,-0.12,0.2,-0.07999999999999999,49,258.0,179.79048611073645
500,0.16,-0.07999999999999999,-0.16,0.04,47,253.0,177.46646914471907
500,0.04,0.12,-0.12,0.16,13,500.0,259.12410747446273
500,0.16,-0.16,-0.12,0.2,30,500.0,259.12410747446273
500,-0.16,-0.07999999999999999,-0.03999999999999998,0.2,62,500.0,259.12410747446273
500,0.0,0.0,0.04,-0.2,57,500.0,259.12410747446273
500,0.16,0.2,0.08,-0.12,30,500.0,259.12410747446273
500,0.12,-0.2,-0.2,-0.03999999999999998,37,240.0,171.25806844077178
500,0.12,0.2,0.12,0.2,42,220.0,161.22037326261247
500,0.16,0.2,-0.12,-0.16,76,410.0,236.08242798092525
500,0.16,-0.12,0.0,0.2,54,500.0,259.12410747446273
500,-0.16,-0.03999999999999998,0.2,0.04,38,225.0,163.78662389810222
500,-0.12,0.04,0.2,-0.03999999999999998,80,210.0,155.9707561419881
500,-0.16,-0.2,0.04,0.0,29,500.0,259.12410747446273
500,-0.16,0.08,-0.2,0.16,49,500.0,259.12410747446273
500,0.0,-0.12,-0.07999999999999999,0.2,34,500.0,259.12410747446273
500,0.12,-0.03999999999999998,-0.03999999999999998,0.04,17,338.0,212.5958123313277
500,0.04,0.04,0.08,-0.16,39,500.0,259.12410747446273
500,-0.03999999999999998,-0.07999999999999999,-0.07999999999999999,-0.07999999999999999,9,205.0,153.28620491745806
500,0.12,-0.03999999999999998,0.08,0.0,23,262.0,181.62472553384814
500,-0.12,-0.03999999999999998,-0.16,-0.2,71,220.0,161.22037326261247
500,-0.12,-0.07999999999999999,0.0,0.16,73,500.0,259.12410747446273
500,0.04,-0.07999999999999999,-0.12,0.0,63,232.0,167.31522020999867
500,-0.12,0.16,-0.07999999999999999,0.08,32,446.0,246.0524059141695
500,-0.2,0.2,-0.07999999999999999,0.0,15,478.0,254.0531915338304
500,-0.16,0.2,-0.07999999999999999,-0.2,91,500.0,259.12410747446273
500,-0.12,0.0,0.0,-0.03999999999999998,27,400.0,233.1161782718711
500,0.16,-0.2,-0.07999999999999999,-0.12,57,234.0,168.30983472572058
500,0.08,-0.12,0.08,0.08,66,441.0,244.73132609963542
500,0.16,-0.07999999999999999,0.16,0.2,79,246.0,174.15363037203517
500,-0.03999999999999998,0.0,0.16,0.0,39,380.0,226.9094985863798
500,-0.2,0.16,-0.07999999999999999,0.0,33,500.0,259.12410747446273
500,-0.03999999999999998,-0.16,0.2,-0.03999999999999998,9,369.0,223.3334657698014
500,-0.2,0.12,-0.12,-0.16,65,358.0,219.6372718000786
500,0.12,0.2,0.12,0.04,30,197.0,148.90615036563673
500,-0.07999999999999999,0.04,-0.12,-0.16,19,243.0,172.71237416868487
500,0.16,-0.07999999999999999,-0.07999999999999999,0.04,74,387.0,229.12438528065348
500,0.08,0.08,0.12,-0.16,71,500.0,259.12410747446273
500,0.08,0.0,0.0,-0.03999999999999998,9,260.0,180.71036130844703
500,-0.2,0.08,-0.2,-0.12,70,255.0,178.40026752807307
500,0.08,0.04,0.2,0.0,74,274.0,186.9970155970657
500,-0.12,0.0,0.2,-0.2,3,226.0,164.29526402640792
500,0.0,0.2,-0.16,-0.12,85,500.0,259.12410747446273
500,-0.12,-0.2,-0.16,0.0,44,180.0,139.2415093353358
500,-0.2,0.04,-0.2,-0.12,65,218.0,160.18302979410896
500,-0.03999999999999998,0.0,-0.07999999999999999,0.16,36,500.0,259.12410747446273
500,-0.07999999999999999,0.08,-0.03999999999999998,0.04,43,500.0,259.12410747446273
500,0.12,0.12,0.04,0.04,9,500.0,259.12410747446273
500,0.12,0.12,-0.03999999999999998,0.16,51,352.0,217.56908106102242
500,0.12,-0.16,-0.2,-0.07999999999999999,65,167.0,131.510553669984
500,0.16,0.08,0.2,0.16,5,174.0,135.71087768894606
500,-0.16,0.2,-0.12,0.16,82,500.0,259.12410747446273
500,-0.07999999999999999,0.16,0.12,0.0,67,500.0,259.12410747446273
500,-0.16,-0.07999999999999999,0.2,0.2,39,219.0,160.70248070472664
500,0.2,0.0,-0.03999999999999998,0.2,65,500.0,259.12410747446273
500,0.04,-0.12,-0.07999999999999999,0.0,15,500.0,259.12410747446273
500,-0.07999999999999999,-0.07999999999999999,0.12,0.2,9,228.0,165.30797109962572
500,0.12,-0.07999999999999999,0.04,0.04,86,484.0,255.46957398214522
500,-0.03999999999999998,-0.07999999999999999,-0.12,0.08,64,316.0,204.34549287582124
500,-0.12,-0.12,0.2,-0.2,90,500.0,259.12410747446273
500,-0.07999999999999999,-0.03999999999999998,0.16,-0.07999999999999999,15,366.0,222.3374971347035
500,0.0,0.2,-0.2,0.0,100,489.0,256.6305436257705
500,-0.03999999999999998,0.12,-0.16,-0.12,73,416.0,237.8198678025168
500,-0.12,0.2,-0.12,-0.12,5,480.0,254.5281588633512
500,0.08,0.12,-0.07999999999999999,0.16,88,500.0,259.12410747446273
500,0.0,-0.12,0.12,-0.07999999999999999,37,500.0,259.12410747446273
500,-0.2,-0.12,0.0,-0.07999999999999999,48,500.0,259.12410747446273
500,-0.03999999999999998,0.16,-0.16,0.04,35,233.0,167.81327454936869
500,-0.2,0.16,0.04,-0.16,84,500.0,259.12410747446273
500,0.12,-0.03999999999999998,0.12,-0.12,34,500.0,259.12410747446273
500,0.08,0.08,-0.2,-0.2,21,192.0,146.11466961635549
500,0.0,-0.07999999999999999,0.0,0.04,53,500.0,259.12410747446273
500,-0.07999999999999999,0.0,0.04,0.08,87,429.0,241.47857455848634
500,0.12,-0.16,0.12,0.0,43,500.0,259.12410747446273
500,0.0,0.04,0.08,0.0,51,500.0,259.12410747446273
500,0.04,-0.12,0.0,0.12,99,500.0,259.12410747446273
500,-0.12,0.08,-0.16,0.0,25,421.0,239.24399932355723
500,-0.12,0.0,0.0,0.16,43,500.0,259.12410747446273
500,0.0,-0.03999999999999998,-0.16,0.08,44,500.0,259.12410747446273
500,0.04,-0.2,-0.03999999999999998,0.0,93,500.0,259.12410747446273
500,0.2,0.04,0.08,-0.03999999999999998,41,273.0,186.5566856540278
500,0.16,-0.07999999999999999,0.2,-0.03999999999999998,98,370.0,223.663465372492
500,0.16,0.12,0.2,0.2,79,141.0,115.11257169511453
500,0.04,-0.16,-0.03999999999999998,0.08,44,320.0,205.88639553816543
500,0.0,0.2,-0.07999999999999999,-0.03999999999999998,42,437.0,243.6600797346983
500,0.2,0.08,-0.2,0.16,73,337.0,212.23250986091043
500,-0.2,-0.12,-0.16,0.08,74,273.0,186.5566856540278
500,0.04,0.12,-0.12,0.04,13,427.0,240.92495596970082
500,-0.12,0.12,-0.07999999999999999,-0.16,80,467.0,251.38923576253052
500,-0.03999999999999998,0.04,0.08,-0.03999999999999998,64,375.0,225.29867267026287
500,-0.12,-0.07999999999999999,-0.12,-0.16,1,11.0,10.836476127309975
500,0.16,0.12,0.08,-0.07999999999999999,50,330.0,209.65859843020434
500,0.2,0.2,0.04,0.12,67,279.0,189.1789295460886
500,-0.03999999999999998,-0.16,-0.12,0.0,59,299.0,197.58607078176942
500,-0.16,-0.12,-0.03999999999999998,-0.03999999999999998,94,500.0,259.12410747446273
500,0.08,-0.16,0.16,0.0,97,500.0,259.12410747446273
500,0.2,-0.07999999999999999,-0.16,-0.12,5,409.0,235.7897973730444
500,0.16,0.12,-0.2,-0.07999999999999999,75,239.0,170.77037957951032
500,-0.12,-0.03999999999999998,-0.2,0.12,97,345.0,215.1085946361824
500,0.08,-0.03999999999999998,-0.2,-0.07999999999999999,21,167.0,131.510553669984
500,0.0,-0.03999999999999998,0.2,0.08,53,283.0,190.90101361073013
500,0.12,0.04,0.16,0.2,62,491.0,257.0900700389085
500,0.16,-0.07999999999999999,-0.07999999999999999,-0.2,83,373.0,224.64753605879108
500,0.12,-0.16,-0.2,-0.16,82,159.0,126.60075703782772
500,0.12,0.08,0.08,-0.12,12,154.0,123.4716629547754
500,0.2,0.0,0.08,0.2,34,271.0,185.67204688692738
500,0.08,0.12,0.04,-0.12,4,500.0,259.12410747446273
500,0.16,-0.03999999999999998,-0.16,-0.07999999999999999,95,261.0,181.1682302245217
500,0.2,-0.03999999999999998,-0.07999999999999999,-0.2,88,391.0,230.36927662021625
500,0.12,-0.12,-0.2,0.04,21,500.0,259.12410747446273
500,-0.07999999999999999,-0.07999999999999999,0.12,-0.07999999999999999,82,500.0,259.12410747446273
500,-0.16,-0.07999999999999999,0.2,0.08,40,192.0,146.11466961635549
500,-0.07999999999999999,-0.12,0.2,0.0,93,330.0,209.65859843020434
500,0.04,-0.07999999999999999,0.0,0.12,53,500.0,259.12410747446273
500,-0.2,0.08,0.08,0.04,65,500.0,259.12410747446273
500,-0.07999999999999999,0.08,-0.07999999999999999,0.16,85,500.0,259.12410747446273
500,-0.07999999999999999,-0.16,-0.16,0.0,85,199.0,150.0110536187962
500,-0.12,0.12,0.12,0.16,2,44.0,41.27761700185105
500,-0.16,0.12,0.12,0.0,75,293.0,195.1167571795629
500,0.12,-0.2,0.0,-0.16,96,327.0,208.53881383731454
500,0.08,-0.2,0.08,0.0,93,500.0,259.12410747446273
500,-0.2,0.0,0.08,-0.16,70,500.0,259.12410747446273
500,0.08,-0.03999999999999998,-0.07999999999999999,0.04,2,12.0,11.803966698928045
500,0.2,0.16,-0.07999999999999999,0.0,92,500.0,259.12410747446273
500,-0.12,-0.03999999999999998,-0.07999999999999999,0.04,2,319.0,205.5029042509182
500,0.2,-0.12,0.04,0.0,54,500.0,259.12410747446273
500,-0.16,0.08,-0.07999999999999999,0.08,20,500.0,259.12410747446273
500,0.2,-0.03999999999999998,-0.2,-0.2,81,227.0,164.8023782343287
500,-0.16,-0.12,0.0,0.04,57,463.0,250.3984871396552
500,0.0,0.2,-0.12,-0.03999999999999998,32,500.0,259.12410747446273
500,-0.07999999999999999,0.16,0.2,-0.2,5,275.0,187.4360245502745
500,0.12,-0.03999999999999998,0.04,-0.03999999999999998,85,360.0,220.3184249047243
500,0.16,0.2,0.16,0.2,21,132.0,109.1312507306372
500,-0.07999999999999999,-0.16,0.2,0.04,94,303.0,199.20772222991923
500,0.2,0.12,0.16,0.08,34,160.0,127.22095476671424
500,0.08,-0.16,-0.12,0.12,92,314.0,203.56806917826825
500,0.16,0.12,0.16,-0.07999999999999999,45,447.0,246.314248696427
500,0.12,-0.2,-0.03999999999999998,-0.03999999999999998,84,500.0,259.12410747446273
500,0.0,0.12,0.2,0.08,13,126.0,105.05289775461628
500,0.2,0.0,-0.07999999999999999,-0.12,91,500.0,259.12410747446273
500,0.2,-0.12,0.16,0.08,63,227.0,164.8023782343287
500,-0.16,0.16,0.0,-0.2,76,500.0,259.12410747446273
500,-0.2,0.16,-0.2,0.2,89,500.0,259.12410747446273
500,-0.16,0.2,0.16,-0.16,8,174.0,135.71087768894606
500,0.16,0.12,0.12,0.16,27,293.0,195.1167571795629
500,0.16,0.08,0.04,0.08,74,294.0,195.53140690802422
500,0.16,0.08,0.04,0.2,65,317.0,204.73245639719377
500,0.04,0.04,0.0,-0.07999999999999999,47,500.0,259.12410747446273
500,0.0,0.0,0.04,0.16,96,500.0,259.12410747446273
500,0.04,0.12,-0.03999999999999998,0.16,22,358.0,219.6372718000786
500,-0.07999999999999999,-0.07999999999999999,-0.2,-0.03999999999999998,44,147.0,119.01120317617236
500,0.12,0.04,0.04,-0.07999999999999999,53,500.0,259.12410747446273
500,0.12,0.16,0.08,-0.12,48,500.0,259.12410747446273
500,-0.16,0.16,0.16,0.2,93,190.0,144.98628243442008
500,-0.12,0.0,-0.03999999999999998,-0.03999999999999998,53,500.0,259.12410747446273
500,-0.16,-0.12,-0.03999999999999998,0.04,23,322.0,206.6499301424963
500,0.16,-0.2,0.08,0.16,51,500.0,259.12410747446273
500,-0.12,0.04,0.04,0.12,64,500.0,259.12410747446273
500,-0.12,-0.2,-0.03999999999999998,-0.07999999999999999,35,231.0,166.81566721163358
500,-0.03999999999999998,-0.12,0.2,0.16,32,238.0,170.2812232492581
500,0.12,-0.2,-0.16,-0.07999999999999999,66,234.0,168.30983472572058
500,0.04,0.0,-0.12,-0.07999999999999999,37,283.0,190.90101361073013
500,0.16,-0.12,-0.07999999999999999,0.12,9,217.0,159.66201584163386
500,0.08,0.16,0.2,-0.07999999999999999,1,23.0,22.256702616216533
500,0.2,0.0,0.16,-0.16,90,438.0,243.9290994954942
500,0.12,0.0,0.16,0.0,21,208.0,154.90177266200618
500,0.12,0.2,0.0,0.16,62,468.0,251.63506805524293
500,0.0,0.16,0.0,0.08,69,450.0,247.09507329238923
500,-0.16,0.04,0.0,-0.2,37,481.0,254.76457438676113
500,0.16,-0.2,0.04,-0.07999999999999999,78,500.0,259.12410747446273
500,0.0,0.08,-0.12,-0.07999999999999999,79,470.0,252.12452236252395
500,0.16,0.2,0.2,-0.12,39,178.0,138.0716968712917
500,-0.16,0.16,0.04,-0.16,35,500.0,259.12410747446273
500,0.2,-0.12,0.12,0.0,57,314.0,203.56806917826825
500,-0.03999999999999998,-0.16,-0.12,-0.07999999999999999,78,222.0,162.25150200639618
500,0.0,0.2,0.12,-0.16,67,500.0,259.12410747446273
500,-0.12,0.16,0.16,0.08,70,174.0,135.71087768894606
500,-0.12,-0.16,0.08,-0.16,12,500.0,259.12410747446273
500,0.0,0.2,-0.16,-0.16,85,500.0,259.12410747446273
500,-0.07999999999999999,0.16,0.08,-0.03999999999999998,95,500.0,259.12410747446273
500,0.16,0.08,-0.12,0.0,54,500.0,259.12410747446273
500,-0.07999999999999999,0.08,0.08,-0.12,50,500.0,259.12410747446273
500,0.2,0.08,-0.2,-0.07999999999999999,21,240.0,171.25806844077178
500,-0.03999999999999998,-0.12,-0.12,-0.12,14,176.0,136.89483382071157
500,-0.16,-0.12,0.2,0.12,62,500.0,259.12410747446273
500,0.2,0.2,0.16,0.16,2,133.0,109.8038569784453
500,-0.07999999999999999,0.08,-0.03999999999999998,-0.03999999999999998,3,174.0,135.71087768894606
500,0.04,0.2,0.08,0.08,42,218.0,160.18302979410896
500,0.04,0.12,-0.07999999999999999,-0.03999999999999998,98,500.0,259.12410747446273
500,-0.2,0.16,-0.16,0.08,13,500.0,259.12410747446273
500,-0.07999999999999999,0.16,0.0,-0.03999999999999998,95,500.0,259.12410747446273
500,0.16,-0.07999999999999999,0.12,0.04,43,340.0,213.3191508196507
500,-0.2,0.16,0.0,-0.03999999999999998,9,500.0,259.12410747446273
500,-0.16,0.16,-0.07999999999999999,-0.16,27,500.0,259.12410747446273
500,0.04,0.2,-0.16,0.08,79,410.0,236.08242798092525
500,0.04,-0.12,0.2,0.08,11,445.0,245.78977523988917
500,-0.07999999999999999,-0.16,-0.12,-0.16,70,197.0,148.90615036563673
500,0.0,-0.2,-0.03999999999999998,-0.16,80,261.0,181.1682302245217
500,-0.07999999999999999,0.08,0.08,0.0,23,500.0,259.12410747446273
500,0.16,-0.12,0.16,0.12,100,256.0,178.86506672548884
500,0.0,0.16,0.0,-0.2,13,320.0,205.88639553816543
500,-0.12,-0.07999999999999999,0.04,-0.16,2,79.0,70.42990352424034
500,0.2,-0.07999999999999999,0.08,0.2,14,152.0,122.2068039170424
500,-0.2,0.04,0.12,0.2,75,249.0,175.58195414455886
500,0.0,0.04,-0.12,0.0,16,500.0,259.12410747446273
500,0.2,-0.03999999999999998,0.2,-0.2,70,319.0,205.5029042509182
500,-0.16,-0.12,-0.07999999999999999,0.08,26,500.0,259.12410747446273
500,0.0,-0.12,-0.16,0.0,12,165.0,130.2941458980593
500,-0.2,0.16,-0.16,0.08,34,392.0,230.6781687903556
500,0.04,0.2,-0.2,-0.12,71,285.0,191.75432563818825
500,0.0,-0.07999999999999999,-0.2,-0.12,52,157.0,125.3547573893473
500,0.12,0.16,-0.2,0.04,97,500.0,259.12410747446273
500,0.16,0.0,-0.12,0.16,21,369.0,223.3334657698014
500,0.2,-0.12,0.0,-0.16,35,500.0,259.12410747446273
500,0.04,0.12,-0.12,-0.2,9,500.0,259.12410747446273
500,0.0,-0.07999999999999999,-0.16,-0.2,28,500.0,259.12410747446273
500,0.0,0.16,0.16,-0.16,29,297.0,196.76790731449054
500,-0.2,0.2,0.12,-0.03999999999999998,58,423.0,239.8076885236098
500,0.2,-0.03999999999999998,-0.16,0.04,66,419.0,238.67691270758837
500,-0.03999999999999998,-0.07999999999999999,0.0,-0.2,47,324.0,207.4088904110126
500,0.04,0.12,-0.16,0.2,52,500.0,259.12410747446273
500,-0.03999999999999998,0.2,-0.16,0.16,69,500.0,259.12410747446273
500,0.08,0.12,-0.12,-0.2,52,309.0,201.60394853734454
500,-0.03999999999999998,0.16,0.08,0.16,29,198.0,149.45943191453983
500,-0.16,0.08,0.0,0.08,86,500.0,259.12410747446273
500,-0.03999999999999998,-0.07999999999999999,0.08,-0.07999999999999999,49,500.0,259.12410747446273
500,-0.16,-0.12,-0.12,0.12,97,408.0,235.49628623173962
500,0.0,0.2,-0.07999999999999999,-0.07999999999999999,65,500.0,259.12410747446273
500,0.0,0.04,0.12,0.16,39,500.0,259.12410747446273
500,0.04,0.16,0.0,-0.12,82,500.0,259.12410747446273
500,0.04,-0.16,-0.07999999999999999,-0.2,66,177.0,137.48414931924944
500,-0.16,0.04,-0.16,0.16,31,392.0,230.6781687903556
500,-0.16,-0.16,-0.12,-0.12,81,221.0,161.73671214282464
500,0.0,-0.12,-0.07999999999999999,0.0,74,500.0,259.12410747446273
500,-0.03999999999999998,-0.03999999999999998,0.08,0.2,60,325.0,207.78666373977956
500,0.04,-0.2,-0.12,0.0,25,231.0,166.81566721163358
500,0.12,-0.16,0.16,0.04,40,500.0,259.12410747446273
500,-0.03999999999999998,-0.2,-0.03999999999999998,0.16,32,500.0,259.12410747446273
500,-0.16,-0.03999999999999998,0.0,-0.12,73,325.0,207.78666373977956
500,0.0,0.12,-0.07999999999999999,-0.12,14,369.0,223.3334657698014
500,0.08,-0.03999999999999998,0.2,0.04,82,176.0,136.89483382071157
500,0.04,0.04,-0.12,0.12,96,500.0,259.12410747446273
500,-0.12,0.0,0.0,-0.07999999999999999,70,482.0,255.00028066360085
500,-0.12,0.0,0.04,0.04,41,500.0,259.12410747446273
500,0.04,0.16,-0.2,-0.16,16,209.0,155.43706734402016
500,0.08,-0.12,0.08,-0.07999999999999999,80,500.0,259.12410747446273
500,0.08,0.12,-0.12,-0.03999999999999998,98,500.0,259.12410747446273
500,-0.12,-0.12,0.08,-0.16,55,500.0,259.12410747446273
500,0.16,-0.12,0.0,0.04,35,500.0,259.12410747446273
500,0.16,0.2,0.2,-0.07999999999999999,47,173.0,135.1162263680502
500,0.16,-0.03999999999999998,0.04,0.0,46,500.0,259.12410747446273
500,0.08,0.04,0.16,0.12,45,164.0,129.68319548451285
500,0.16,0.08,0.04,0.0,87,500.0,259.12410747446273
500,0.08,0.12,-0.03999999999999998,-0.03999999999999998,47,500.0,259.12410747446273
500,-0.12,0.04,0.12,-0.07999999999999999,55,500.0,259.12410747446273
500,0.12,-0.16,0.2,0.2,28,297.0,196.76790731449054
500,-0.07999999999999999,0.16,0.0,0.16,3,273.0,186.5566856540278
500,0.12,0.16,-0.2,-0.16,31,298.0,197.17760359254706
500,0.0,0.0,-0.03999999999999998,-0.07999999999999999,50,500.0,259.12410747446273
500,-0.12,0.04,0.04,0.08,40,500.0,259.12410747446273
500,-0.07999999999999999,-0.03999999999999998,0.0,-0.16,4,216.0,159.13943414406606
500,-0.12,-0.16,-0.2,-0.16,31,143.0,116.41993227808909
500,0.2,0.0,0.2,0.04,45,310.0,201.9991366917325
500,-0.2,0.16,-0.16,-0.12,35,500.0,259.12410747446273
500,-0.12,-0.12,0.16,-0.2,83,500.0,259.12410747446273
500,0.08,0.2,0.12,0.2,42,214.0,158.08954862990785
500,-0.2,0.2,0.0,-0.16,84,500.0,259.12410747446273
500,0.12,0.16,0.2,0.12,89,137.0,112.47416422605835
500,0.0,0.04,0.16,-0.16,5,500.0,259.12410747446273
500,-0.2,0.16,0.04,-0.03999999999999998,95,500.0,259.12410747446273
500,-0.16,-0.07999999999999999,0.12,-0.12,49,500.0,259.12410747446273
500,-0.07999999999999999,0.04,0.12,0.12,24,497.0,258.45219701650115
500,0.0,0.16,0.0,0.08,67,500.0,259.12410747446273
500,0.0,0.08,-0.03999999999999998,0.04,57,417.0,238.10640819910924
500,0.08,0.0,0.12,-0.03999999999999998,85,500.0,259.12410747446273
500,-0.07999999999999999,-0.07999999999999999,0.2,0.16,2,148.0,119.65416956664384
500,0.16,0.12,0.2,0.0,34,149.0,120.29520705794391
500,0.04,0.12,-0.03999999999999998,-0.2,38,500.0,259.12410747446273
500,0.04,0.16,-0.16,0.04,53,500.0,259.12410747446273
500,-0.2,-0.07999999999999999,-0.03999999999999998,-0.2,81,500.0,259.12410747446273
500,-0.07999999999999999,0.0,0.16,0.0,73,297.0,196.76790731449054
500,-0.12,0.04,0.04,0.2,25,500.0,259.12410747446273
500,0.12,-0.2,0.04,0.16,1,14.0,13.730249134434766
500,0.2,-0.12,0.16,0.08,90,401.0,233.41682973705548
500,-0.07999999999999999,-0.07999999999999999,0.16,-0.16,71,500.0,259.12410747446273
500,0.0,-0.2,0.08,-0.2,70,500.0,259.12410747446273
500,-0.07999999999999999,-0.16,0.08,-0.12,1,67.0,60.77820867911874
500,0.08,0.12,-0.2,0.16,8,301.0,198.39933263171585
500,0.0,-0.03999999999999998,0.12,0.04,32,500.0,259.12410747446273
500,0.2,0.04,-0.16,0.0,18,500.0,259.12410747446273
500,-0.12,0.2,-0.12,0.08,83,500.0,259.12410747446273
500,-0.16,0.08,0.12,-0.12,29,417.0,238.10640819910924
500,0.12,-0.16,0.0,-0.03999999999999998,28,500.0,259.12410747446273
500,-0.2,-0.07999999999999999,0.08,-0.16,64,500.0,259.12410747446273
500,0.12,-0.03999999999999998,-0.07999999999999999,-0.12,50,417.0,238.10640819910924
500,-0.2,0.12,0.0,0.04,3,500.0,259.12410747446273
500,0.16,-0.03999999999999998,-0.07999999999999999,-0.2,4,171.0,133.92155037635496
500,0.0,0.2,0.12,-0.2,93,427.0,240.92495596970082
500,-0.2,-0.03999999999999998,-0.16,-0.03999999999999998,24,150.0,120.93432143677008
500,-0.07999999999999999,0.08,-0.16,0.0,82,316.0,204.34549287582124
500,0.0,0.08,0.12,0.16,71,240.0,171.25806844077178
500,0.12,-0.03999999999999998,0.0,-0.03999999999999998,14,206.0,153.8263463027057
500,0.16,0.16,0.08,-0.07999999999999999,99,500.0,259.12410747446273
500,-0.2,-0.07999999999999999,-0.2,0.04,45,198.0,149.45943191453983
500,-0.12,-0.2,0.2,-0.2,40,500.0,259.12410747446273
500,0.04,-0.16,-0.16,-0.07999999999999999,1,7.0,6.9373140566993
500,0.2,0.04,-0.12,-0.12,54,473.0,252.85321121600293
500,0.0,-0.03999999999999998,0.16,-0.16,25,217.0,159.66201584163386
500,0.16,0.0,0.04,0.0,13,439.0,244.1973121970077
500,0.08,-0.03999999999999998,-0.16,0.04,45,304.0,199.61009906322946
500,-0.07999999999999999,-0.2,-0.07999999999999999,-0.03999999999999998,6,212.0,157.03333534194144
500,-0.12,-0.16,-0.16,-0.16,28,258.0,179.79048611073645
500,-0.07999999999999999,0.0,-0.2,0.04,66,304.0,199.61009906322946
500,0.08,0.2,-0.2,-0.03999999999999998,13,247.0,174.63116948091906
500,-0.16,0.16,-0.2,0.16,7,241.0,171.74429423544947
500,0.12,0.08,0.12,0.16,59,238.0,170.2812232492581
500,-0.12,0.2,-0.12,-0.16,26,500.0,259.12410747446273
500,0.16,0.12,0.04,0.2,9,500.0,259.12410747446273
500,0.08,0.2,0.0,0.16,58,220.0,161.22037326261247
500,0.12,0.12,0.04,-0.2,97,500.0,259.12410747446273
500,-0.16,0.04,-0.03999999999999998,-0.2,70,500.0,259.12410747446273
500,-0.07999999999999999,-0.03999999999999998,0.12,-0.2,36,500.0,259.12410747446273
500,0.12,-0.07999999999999999,-0.12,-0.2,12,500.0,259.12410747446273
500,-0.16,-0.03999999999999998,0.2,-0.12,37,240.0,171.25806844077178
500,-0.07999999999999999,0.2,-0.07999999999999999,-0.07999999999999999,94,500.0,259.12410747446273
500,0.12,0.0,-0.12,-0.03999999999999998,39,500.0,259.12410747446273
500,-0.12,-0.12,-0.2,0.16,84,255.0,178.40026752807307
500,-0.07999999999999999,0.04,-0.2,0.12,2,35.0,33.27251718561528
500,-0.12,-0.12,-0.07999999999999999,-0.12,33,499.0,258.9008099041753
500,0.0,0.16,-0.03999999999999998,0.04,3,217.0,159.66201584163386
500,0.16,-0.16,-0.2,-0.03999999999999998,1,3.0,2.991009
500,-0.07999999999999999,-0.16,-0.12,0.0,96,202.0,151.65600938437632
500,-0.07999999999999999,0.04,-0.16,0.2,41,500.0,259.12410747446273
500,0.0,0.08,0.16,0.0,48,311.0,202.3931392816573
500,0.0,0.16,0.2,-0.16,43,217.0,159.66201584163386
500,-0.16,0.16,-0.07999999999999999,0.0,68,448.0,246.5753059503377
500,0.2,-0.12,0.12,0.08,31,500.0,259.12410747446273
500,-0.16,0.08,-0.12,-0.2,78,500.0,259.12410747446273
500,-0.03999999999999998,-0.2,0.2,0.2,49,500.0,259.12410747446273
500,0.04,0.08,0.0,-0.07999999999999999,57,500.0,259.12410747446273
500,-0.03999999999999998,0.08,0.16,0.0,51,500.0,259.12410747446273
500,0.08,0.08,-0.2,-0.12,97,313.0,203.1776019842209
500,0.16,-0.16,-0.07999999999999999,0.0,28,279.0,189.1789295460886
500,0.0,0.16,0.16,0.0,35,500.0,259.12410747446273
500,-0.07999999999999999,0.16,0.04,-0.2,51,471.0,252.36814879543638
500,0.08,-0.12,0.16,0.16,69,280.0,189.61139275745032
500,0.04,-0.2,0.0,0.04,33,500.0,259.12410747446273
500,0.08,0.08,0.12,0.2,3,218.0,160.18302979410896
500,0.0,0.04,0.12,-0.03999999999999998,19,500.0,259.12410747446273
500,0.08,-0.12,0.16,0.08,73,431.0,242.02887641830645
500,0.12,0.08,0.08,0.0,54,500.0,259.12410747446273
500,0.12,-0.2,0.2,0.12,34,500.0,259.12410747446273
500,0.2,0.16,0.08,0.12,2,233.0,167.81327454936869
500,-0.2,0.12,-0.07999999999999999,0.04,69,500.0,259.12410747446273
500,-0.16,0.0,-0.12,0.2,61,470.0,252.12452236252395
500,0.2,-0.03999999999999998,0.12,0.08,83,500.0,259.12410747446273
500,0.04,0.0,-0.16,0.2,81,500.0,259.12410747446273
500,-0.07999999999999999,0.08,-0.12,0.0,41,370.0,223.663465372492
500,0.04,-0.12,-0.07999999999999999,-0.12,38,500.0,259.12410747446273
500,-0.12,-0.12,0.0,-0.07999999999999999,8,500.0,259.12410747446273
500,0.16,-0.2,-0.2,-0.2,23,142.0,115.76723398002918
500,0.2,-0.03999999999999998,0.12,-0.2,81,431.0,242.02887641830645
500,-0.07999999999999999,0.04,-0.03999999999999998,-0.12,75,500.0,259.12410747446273
500,-0.03999999999999998,-0.2,-0.03999999999999998,-0.12,26,252.0,176.997461529307
500,-0.2,0.08,-0.03999999999999998,0.04,27,500.0,259.12410747446273
500,0.16,-0.2,0.04,0.04,21,500.0,259.12410747446273
500,0.0,0.08,0.16,-0.16,37,266.0,183.437052934862
500,-0.16,0.04,-0.2,0.16,44,395.0,231.5992963534892
500,0.16,-0.03999999999999998,0.0,0.0,50,500.0,259.12410747446273
500,0.12,0.12,0.0,0.16,42,480.0,254.5281588633512
500,0.08,-0.07999999999999999,-0.2,-0.2,57,150.0,120.93432143677008
500,-0.07999999999999999,0.08,0.16,0.16,32,183.0,140.98310051254907
500,-0.16,0.0,-0.2,-0.2,61,163.0,129.07040670462672
500,-0.07999999999999999,-0.2,-0.03999999999999998,-0.16,3,146.0,118.36630208241962
500,-0.12,-0.12,-0.03999999999999998,0.08,85,500.0,259.12410747446273
500,0.2,0.04,0.0,0.08,15,412.0,236.66505815489154
500,0.2,-0.07999999999999999,0.04,0.16,64,467.0,251.38923576253052
500,0.2,-0.12,0.04,-0.2,76,500.0,259.12410747446273
500,0.16,0.2,0.0,-0.16,98,500.0,259.12410747446273
500,-0.03999999999999998,-0.07999999999999999,0.16,-0.12,92,391.0,230.36927662021625
500,0.16,0.16,-0.07999999999999999,0.08,96,500.0,259.12410747446273
500,-0.16,0.0,0.0,-0.07999999999999999,21,500.0,259.12410747446273
500,0.04,-0.07999999999999999,-0.16,0.08,18,500.0,259.12410747446273
500,-0.12,0.2,-0.16,-0.2,23,219.0,160.70248070472664
500,-0.07999999999999999,0.08,0.0,-0.12,12,412.0,236.66505815489154
500,0.0,-0.07999999999999999,-0.03999999999999998,0.0,59,500.0,259.12410747446273
500,0.16,-0.12,-0.2,-0.03999999999999998,77,177.0,137.48414931924944
500,0.0,0.16,0.08,-0.2,28,500.0,259.12410747446273
500,-0.07999999999999999,-0.12,0.0,-0.07999999999999999,53,325.0,207.78666373977956
500,-0.03999999999999998,0.04,0.0,-0.2,98,500.0,259.12410747446273
500,-0.2,0.2,0.12,-0.07999999999999999,81,319.0,205.5029042509182
500,-0.16,0.12,-0.16,-0.16,28,500.0,259.12410747446273
500,0.08,-0.03999999999999998,0.2,-0.2,11,257.0,179.32847152531238
500,0.16,-0.03999999999999998,-0.2,0.2,35,195.0,147.79458774079183
500,0.04,0.04,-0.16,-0.07999999999999999,23,168.0,132.11602200897406
500,0.12,0.2,-0.03999999999999998,0.04,27,500.0,259.12410747446273
500,-0.2,0.08,0.08,-0.2,13,327.0,208.53881383731454
500,0.0,0.08,-0.12,0.08,42,419.0,238.67691270758837
500,0.08,0.2,-0.16,-0.07999999999999999,8,500.0,259.12410747446273
500,-0.07999999999999999,-0.16,-0.12,0.16,59,500.0,259.12410747446273
500,0.04,0.0,-0.16,0.08,7,214.0,158.08954862990785
500,0.12,-0.07999999999999999,0.08,0.04,25,500.0,259.12410747446273
500,0.0,-0.16,0.08,0.12,36,429.0,241.47857455848634
500,0.16,0.04,-0.03999999999999998,0.04,100,500.0,259.12410747446273
500,0.0,-0.16,-0.03999999999999998,-0.2,21,325.0,207.78666373977956
500,0.04,-0.12,-0.03999999999999998,0.08,24,500.0,259.12410747446273
500,0.04,0.08,0.0,-0.03999999999999998,58,500.0,259.12410747446273
500,-0.12,-0.07999999999999999,-0.07999999999999999,-0.2,82,262.0,181.62472553384814
500,-0.16,0.0,-0.12,0.12,32,264.0,182.53361180317484
500,-0.16,-0.2,0.04,0.16,99,500.0,259.12410747446273
500,-0.2,-0.12,-0.07999999999999999,0.04,99,307.0,200.8100012548624
500,0.12,-0.16,0.0,0.08,3,227.0,164.8023782343287
