Temperature,Cart Position,Cart Velocity,Pole Angle,Pole Angular Velocity,Simulations,Return,Discounted Return
500,0.09263801544544792,0.08091306189991637,0.0004958547103008915,-0.03748868329658189,80,500.0,259.12410747446273
500,-0.17905780213712896,0.08252172800476038,0.14508474232753255,0.07398055630011446,15,289.0,193.44564374317937
500,0.06966305969450015,0.13002687681155728,-0.1496422364496402,0.10906204476981152,56,291.0,194.28371089151398
500,0.10106198936656141,0.09935565686414305,-0.18204825059189678,0.11658422765601256,49,428.0,241.20218110179172
500,0.028741561451389674,0.0318994607612626,-0.11628779219671062,0.1986970891724758,46,500.0,259.12410747446273
500,-0.047492836929503346,0.13869007155093815,0.13381311559787695,-0.11357832971923432,46,255.0,178.40026752807307
500,-0.15865307919330596,-0.11044747495879484,-0.17761311077931352,-0.05164237314180006,81,190.0,144.98628243442008
500,-0.15164803338747868,-0.14295920457340572,-0.16167857934526714,0.13549388350942854,41,205.0,153.28620491745806
500,0.11394479472802005,-0.1333184625263375,-0.054010970333417285,-0.029770194200907596,11,500.0,259.12410747446273
500,-0.01275608044299159,-0.1568215700457874,0.10462930412652044,0.06871799904091941,88,500.0,259.12410747446273
500,-0.07138136249457278,0.06082796254467426,-0.10017718049929543,0.0030406688122729675,63,500.0,259.12410747446273
500,0.027328108854177247,-0.12831770638894727,0.16745566510636828,-0.1347053005843607,3,80.0,71.21861381366763
500,-0.02122064231214288,-0.19956034409463774,-0.04056838659138379,-0.14467439917701297,81,476.0,253.57536152472503
500,0.021739329923062906,0.054736934131697224,-0.07333340040644964,0.07004409528293298,54,500.0,259.12410747446273
500,0.08241702062671552,-0.044885989363177975,0.12067536764584258,-0.11557237084075639,33,500.0,259.12410747446273
500,-0.044999002525272586,0.05384210084983754,-0.04339042023703579,0.05610849402982171,89,500.0,259.12410747446273
500,-0.19060889492617134,0.02923799405560898,-0.1745832993014722,-0.11628556965029549,92,223.0,162.76474750037698
500,-0.06095690245678906,-0.16949928936540615,-0.11315761690112858,0.056316140740771625,67,500.0,259.12410747446273
500,-0.032374110978381554,-0.09187951526818083,0.01321808137306002,0.18540046255961562,4,500.0,259.12410747446273
500,0.12949638465450686,-0.0001874743643509036,0.07289291873276371,0.13490438320046694,43,500.0,259.12410747446273
500,0.05233041368292235,0.1936139139352096,-0.08078827058067933,-0.18407654485464564,23,500.0,259.12410747446273
500,-0.18630285875091646,0.12019094094298388,-0.04721959456812738,0.06342610961448447,12,248.0,175.1072759724763
500,0.07556446073959977,0.11781432774450468,-0.11917987957323217,-0.11909946651417234,28,500.0,259.12410747446273
500,-0.08843194893550162,0.10254082998561925,-0.18662122584134286,0.10200195115291627,77,449.0,246.8355800324867
500,0.004090748054629861,0.19449729044607017,0.1993272270753878,-0.025469339902762123,20,500.0,259.12410747446273
500,0.03630780061104147,0.17345815887536603,0.09910069492728352,-0.09269246817723614,20,500.0,259.12410747446273
500,-0.09208276384784209,-0.14191466808438746,0.1743598346637284,0.17547082902644978,20,215.0,158.61527998401812
500,-0.15726193342150144,0.0060075395365661866,-0.11505897045658636,-0.001620364704049193,30,271.0,185.67204688692738
500,0.07642221076889744,0.04125887596938793,0.17828762340087512,0.05325557833025096,16,500.0,259.12410747446273
500,-0.19413601794744154,0.02385611115319594,-0.11110761604944996,-0.13105568569123327,19,348.0,216.16942840857988
500,-0.07294697433572353,0.07264149002853493,0.10932796261580252,-0.03499621094656616,88,414.0,237.2441977914856
500,0.16944885183019065,-0.11786258126005489,0.019761197457829865,0.14889792860278772,25,500.0,259.12410747446273
500,-0.15870576169762113,-0.08941803799516297,-0.056492725601042265,0.08508496883185596,54,500.0,259.12410747446273
500,-0.1664065489167888,-0.1687385013390212,0.07658994425853477,-0.05840906190445444,36,398.0,232.51215861412834
500,0.1821818247151702,-0.1911259180038028,-0.07246394669907952,-0.10603156780678269,9,126.0,105.05289775461628
500,-0.006235712705277896,0.10845276747789073,-0.1798611274165253,-0.18400073278305085,73,426.0,240.64689665967987
500,0.14188555141002357,0.1738148227222403,-0.11307133995603996,-0.1605479868602281,86,500.0,259.12410747446273
500,0.1578439986564255,-0.10428219543402793,-0.13400393770619523,0.17803335167952383,55,379.0,226.58926638553643
500,-0.019482220713709142,0.10121991616109033,-0.05304545726447127,0.15054180640436454,42,346.0,215.46326885227384
500,0.07059133182786959,-0.1394921559286161,-0.08838075635172747,-0.14384705782423965,100,289.0,193.44564374317937
500,-0.002662087722429207,-0.0817004067627309,0.16825157919929395,-0.07313069999885796,50,307.0,200.8100012548624
500,-0.1555671001357517,-0.11484024761512807,0.16809743924900006,-0.164483831832629,38,500.0,259.12410747446273
500,0.0873653165742801,-0.1843399542801116,-0.07731885335551501,0.19607732492089586,74,500.0,259.12410747446273
500,0.15517829791380355,0.0582989780525241,0.02893846076323095,0.02129882334989114,69,324.0,207.4088904110126
500,0.03576240310903481,-0.18296445957905016,0.04490938245931658,-0.17407557869599655,12,500.0,259.12410747446273
500,-0.06722884528015932,0.002063730283029225,0.17491852013341153,0.02671256051398227,89,285.0,191.75432563818825
500,0.08190678676722113,-0.09894473265809056,-0.0924357389769631,0.037120289779493915,42,500.0,259.12410747446273
500,0.14431129803706289,0.14322110339310162,-0.07243401294070292,0.09342623518759408,25,379.0,226.58926638553643
500,0.1147951654959074,-0.09068454097909809,0.10024169942510541,0.06591984049843758,52,500.0,259.12410747446273
500,0.19661612164133235,-0.04334070988487637,0.055132746435239244,0.19638254903826746,57,465.0,250.89534980320153
500,0.02872954939324432,-0.03727037027999339,0.09484971363335215,-0.009686165050519502,47,500.0,259.12410747446273
500,-0.19231405039578703,0.16491231842452692,-0.13949366451077538,-0.003137523995200203,7,423.0,239.8076885236098
500,0.15865797770405932,0.19400856600778188,0.01092368192236401,-0.11157225405901579,13,500.0,259.12410747446273
500,-0.13719943630165699,-0.1762810731334851,-0.1694205887402269,-0.1448627209078043,59,146.0,118.36630208241962
500,0.0376131398992722,0.1886315497980562,0.019700945963836813,-0.1325259165024814,41,353.0,217.91637381783934
500,0.17301660207721975,0.14930327404727367,-0.1077483104899061,0.15987802602838852,9,341.0,213.67919336719174
500,0.15170800992742522,0.175886203507243,-0.07967148245321228,-0.02463793686092175,89,500.0,259.12410747446273
500,0.1959447224036454,-0.06519012853816486,0.02116685739455426,0.17327226478616142,58,500.0,259.12410747446273
500,0.1930657084617407,0.18343571880971632,0.10371064267102553,0.017173773018160532,2,468.0,251.63506805524293
500,-0.05447898415089836,0.00980025044708882,-0.02575186863065243,-0.018003829380803194,74,500.0,259.12410747446273
500,0.10814109725323989,0.17657857257370563,-0.11446656123630433,0.15900813914996603,51,500.0,259.12410747446273
500,0.03361656113820835,0.08290104397136744,-0.1968341578446288,-0.03379488418823223,5,500.0,259.12410747446273
500,0.010313903265818603,0.05178743696379373,-0.07845863733262473,-0.15961808529652755,26,274.0,186.9970155970657
500,-0.16317276837712288,0.012097127723977114,-0.19567204093410068,0.11914288994031241,23,436.0,243.39025048615676
500,0.12544012663525128,0.15842745691869037,0.18377508207776821,0.09628411482785143,27,204.0,152.74443823215452
500,-0.04436743700853141,0.12269359363187243,-0.11675515919215802,0.17913603572512982,98,500.0,259.12410747446273
500,0.1410611613119589,-0.06159702530349409,0.11099969265801957,0.15899845154566727,23,500.0,259.12410747446273
500,0.14362467801621487,0.18587666399332037,-0.11916097910112007,-0.1878218143185334,91,500.0,259.12410747446273
500,-0.16333534402683628,0.0639866998078672,0.15455184180048281,-0.190996012686574,55,500.0,259.12410747446273
500,0.12289771905186225,-0.0961070070933173,0.17889883130468887,-0.10205192731165158,25,395.0,231.5992963534892
500,0.1123138484204323,-0.04844861472026629,-0.019378878294769836,-0.12188836651345736,39,500.0,259.12410747446273
500,-0.031877621360626884,-0.12232911358257566,0.14537419278801428,0.19997680537509427,17,500.0,259.12410747446273
500,0.110828713168102,-0.19844422305234055,-0.08602754527396139,0.1960242345274016,70,328.0,208.9131973958026
500,-0.1694623572149237,-0.15450839234581007,-0.12263359534995671,-0.030806954962795396,15,170.0,133.3215149211183
500,0.021095002384238837,-0.014373046576633242,-0.14618609905503643,-0.12172552020958648,6,313.0,203.1776019842209
500,-0.19622144250830217,-0.05393851019450194,-0.18312319753982595,0.19286802558005595,97,307.0,200.8100012548624
500,0.049104578425676865,0.02140313961922774,0.05289505293774366,0.03627064822286946,72,500.0,259.12410747446273
500,-0.0010878369134303123,0.09758877751891226,0.11947026008330836,-0.11108920101790387,10,500.0,259.12410747446273
500,0.13405985891497707,0.14974914435161613,0.1307504598516781,-0.08239185401455461,99,289.0,193.44564374317937
500,0.021615807862161912,-0.14897430167561515,-0.1930517462241509,-0.14343823965949878,5,154.0,123.4716629547754
500,0.12535304263255964,0.17146805674217847,-0.16086410081184513,0.14695335679061494,11,500.0,259.12410747446273
500,0.03674273569956518,0.08896855503923595,-0.0851627338275768,0.1075602839883506,14,500.0,259.12410747446273
500,0.1607412704226075,-0.14498230674915813,0.056113607550980216,0.11009921551147417,7,393.0,230.98613428398454
500,-0.1555988747281957,0.1244815300972501,-0.016258368454991595,0.008281027758175519,20,500.0,259.12410747446273
500,0.00794877609286418,0.15425637683257654,0.08279477840220639,0.007343887379285541,66,500.0,259.12410747446273
500,0.011948532763104869,-0.0974529246696938,0.03194641029905815,-0.069316956825753,41,467.0,251.38923576253052
500,0.0859075640050952,0.12454713965965258,0.15543210245528372,-0.04798785310354581,32,235.0,168.8049052215434
500,0.14542862061515904,0.03170891348205601,-0.17118859965091338,0.021443453591592387,4,275.0,187.4360245502745
500,-0.04279325463737957,-0.13203552589780337,-0.032297602894170524,-0.10785948648140771,89,284.0,191.32831056989795
500,-0.09575166624285272,0.16199854797046342,0.15344446196524575,0.11537413384036904,70,189.0,144.41954105759285
500,-0.11617181773340027,0.01708361951245091,-0.08216091613663541,0.17176068394597965,65,500.0,259.12410747446273
500,-0.10428234797193908,0.19925313075953266,0.0809304420087581,0.02047937049419249,65,295.0,195.94481268730016
500,0.05990555819271226,0.1786910952145026,0.11514618577127655,-0.1379338422796842,64,285.0,191.75432563818825
500,-0.09316006624107893,0.16245992132569764,0.029087618500064055,-0.023566240476232375,7,440.0,244.46472026041667
500,-0.13489419006392792,-0.049152002855537974,0.14550485521699258,0.1755144504523502,35,224.0,163.27645325787586
500,-0.01126864128369634,0.19349111135382885,-0.0732061672070454,0.07871969109169458,9,256.0,178.86506672548884
500,-0.084391973663804,-0.11864786322011307,0.09909309952178397,0.14862681165461666,30,500.0,259.12410747446273
500,-0.03375526104426907,0.16525015042408392,-0.038310154417400544,-0.15879998297213116,27,500.0,259.12410747446273
500,0.07662001759562387,-0.10420688117215678,-0.015177224384498311,-0.11474043313644655,66,500.0,259.12410747446273
500,-0.1557382010261737,-0.08655619892925728,0.16828806206463343,-0.1998214635133381,37,500.0,259.12410747446273
500,0.0014069506678819066,-0.12772313888064524,0.06699945730804407,-0.007715537966787117,47,500.0,259.12410747446273
500,-0.047991695081157776,0.1180566772575466,0.16164862900481708,-0.1072286663263883,86,231.0,166.81566721163358
500,-0.04315140178284943,-0.1845969962375027,0.08885878932461344,0.021321686818082414,28,500.0,259.12410747446273
500,-0.06583250420573061,0.0891407289431232,0.0023305827078938246,-0.15311308856513028,8,182.0,140.4043134529078
500,-0.11145594149697656,-0.1215235257616349,0.11778383067694398,0.03301201640868365,22,364.0,221.66851319726837
500,-0.05940333395008146,0.06388507959290424,-0.17158792689283336,-0.16059007709103557,19,197.0,148.90615036563673
500,0.08870156327225076,0.1842240776629233,0.07595493620454691,0.18337649454251898,89,198.0,149.45943191453983
500,0.1288853493559738,0.1662141082607574,0.03448398181696888,-0.06904835895371805,30,500.0,259.12410747446273
500,-0.024525525418742256,-0.18292693511375574,0.010087428094930045,0.12679028351381083,35,500.0,259.12410747446273
500,0.05088464726302089,0.19039547481531333,-0.13548472097550296,0.1583389283594323,15,500.0,259.12410747446273
500,0.19131297760861615,0.09219021761189244,0.00437558880028957,0.16314109294297335,36,500.0,259.12410747446273
500,-0.08461901547802603,-0.15829672369014616,0.06426175210004809,-0.18440623767239442,86,500.0,259.12410747446273
500,0.19712060030547163,-0.043589228000653124,0.08283108184093607,0.04150278617093467,52,274.0,186.9970155970657
500,-0.12339182966652654,0.05152866625100416,0.09018081797579486,0.11866354753183511,67,500.0,259.12410747446273
500,0.04815563255348296,0.16199065669510276,0.04098898335780671,-0.0005119937886437498,98,410.0,236.08242798092525
500,-0.10646639297664043,0.07991771876835946,-0.011600641560553904,0.19561333955910237,28,500.0,259.12410747446273
500,0.13490227530717241,-0.11353558513643441,0.10527766733005628,-0.030029431632814407,95,500.0,259.12410747446273
500,0.1869508884038631,-0.042844138936264875,0.03202753472621919,-0.1376780008118825,60,500.0,259.12410747446273
500,-0.03355973265937692,0.05200162130885194,-0.027682709619644585,0.07208627745059759,14,500.0,259.12410747446273
500,-0.16565790067114264,0.13957138084935833,0.16229822821167905,-0.15432541282647858,67,229.0,165.81204718632685
500,-0.0038807851651188052,0.06561021124328731,-0.08574098067580152,0.12582152436174698,52,500.0,259.12410747446273
500,0.11171954645777044,0.16691339792235332,0.06525642328336473,-0.1608243132947887,61,377.0,225.9459083222953
500,-0.13886781340123178,0.03597052497245076,0.15584490320270666,-0.08687060044280095,50,399.0,232.81462213828596
500,0.0027975112251736323,0.14096406449078341,-0.14306624474910346,-0.13184095399884171,36,302.0,198.8041346338207
500,-0.1952732348896692,-0.010543300827204727,-0.02355257114388193,0.14396079740567985,6,254.0,177.93406973728491
500,0.09653236340858107,-0.1875842481217573,0.05733887886409483,0.14284066314592697,53,500.0,259.12410747446273
500,-0.10146957669927699,0.11538119661568058,0.18503379091622807,0.19179350586949656,38,196.0,148.35120397756944
500,0.031679903233216955,-0.002022627891738432,-0.0027106914111754143,-0.06608833742169748,53,500.0,259.12410747446273
500,0.05786469025352592,-0.17585411763873804,-0.03647185393454175,-0.07899510051529264,63,284.0,191.32831056989795
500,-0.02803877955425499,-0.13099614053743225,0.08391913704307463,-0.08091723015373763,15,241.0,171.74429423544947
500,0.0860557067627607,0.11619377049870755,-0.03649486121950299,0.17915220273629756,9,410.0,236.08242798092525
500,-0.1503767640425127,-0.00913605283182592,-0.07847829817422945,-0.18637825277933642,43,347.0,215.81687904571703
500,-0.16901827793368596,-0.0650915800285394,0.11459729565744808,0.12303423892959814,10,222.0,162.25150200639618
500,-0.039399071024376564,0.06681701338239787,0.1354318630084223,0.1975911928051759,36,196.0,148.35120397756944
500,-0.1978470649696781,-0.17809821162003112,0.048439280240105465,-0.14174080588516857,87,500.0,259.12410747446273
500,0.023276238789503967,-0.024768566688218474,0.07999754366160527,-0.007525441184721038,41,429.0,241.47857455848634
500,-0.038932522659516744,-0.09723559607223904,0.07273482405101139,-0.08751362424415082,50,500.0,259.12410747446273
500,-0.11206169567562335,-0.018642775084390995,-0.12930155039829497,0.010964898138056622,56,500.0,259.12410747446273
500,-0.1060831655962776,0.19337469876277558,0.04366339388003021,0.11185324635441679,35,361.0,220.65746963001013
500,-0.10913620193352327,-0.15811072571004903,-0.1201320258547951,-0.09815807432173762,6,487.0,256.1682475971249
500,0.04475358530710749,0.04597525282942691,-0.01209921156411417,-0.10523821691042001,12,238.0,170.2812232492581
500,0.08152377010358214,-0.1700441865806393,-0.08714730974860477,-0.11990765688691521,17,332.0,210.399533767009
500,0.006860768073022994,-0.07959862733200036,-0.13628277214940798,0.11615202197994096,41,500.0,259.12410747446273
500,-0.04095579438618838,-0.19786009558996784,-0.07416855808373876,0.07171446900455092,85,500.0,259.12410747446273
500,-0.0690481752316853,0.09278605907593468,-0.0011757445526729415,0.04516210038365359,27,363.0,221.33251072945674
500,-0.19490444644454966,0.18411466638784624,0.12015585853776373,0.175635644414517,84,219.0,160.70248070472664
500,0.17665686750647647,0.010364919879280399,-0.1349117271447916,-0.12930630753529337,77,292.0,194.70085975883944
500,-0.1593369226525727,0.17778722217403947,0.1316868413495504,0.1481897528978896,40,250.0,176.0552082821252
500,0.1333232843892348,-0.18505312011199151,0.14862814719540823,-0.1853428747980652,42,500.0,259.12410747446273
500,0.11781088522342814,0.15114868057363468,-0.18868544221317746,0.015103832510806436,56,339.0,212.9580248943337
500,-0.01193968559901984,-0.12248176192896852,0.01649132547369675,0.17370599232318745,89,500.0,259.12410747446273
500,-0.1765767388986746,-0.0667030225572352,-0.18744335116810884,0.09127469992751469,29,233.0,167.81327454936869
500,-0.021542228474250802,0.11112399526013211,0.12143501745731217,0.16474849146244663,46,309.0,201.60394853734454
500,0.07592779212579509,-0.05179130424468839,0.11835743203909893,0.013814266185916774,42,318.0,205.1182590280022
500,0.06558882399644089,-0.013374015604982636,0.17705242139974908,0.1507516664539887,99,244.0,173.1942370461788
500,0.1900094410142203,0.1479739336593564,-0.10336569892199843,0.19885468169789716,40,500.0,259.12410747446273
500,0.19632223860367126,-0.004146319411481025,-0.055318165185831714,-0.1328966007625238,37,500.0,259.12410747446273
500,0.1712294288128941,-0.06899164497892354,-0.059466135901344336,-0.00343333990084721,6,500.0,259.12410747446273
500,-0.10036778814056313,0.007112034095793529,-0.07566675802637218,0.0021744349812817254,60,295.0,195.94481268730016
500,0.136455188671545,0.032833918842754384,0.06548211433306694,0.1682034081320068,85,353.0,217.91637381783934
500,-0.19847152205991447,-0.18261760732645832,-0.17526670647125614,-0.19640372022666597,12,127.0,105.73773906135243
500,-0.05558936261256289,-0.039459584116382285,-0.17292619318983343,0.0020156342170150054,27,227.0,164.8023782343287
500,-0.053209852908981725,0.08577167529653484,-0.0413465177710636,0.02882840750050017,64,500.0,259.12410747446273
500,0.030224163373966245,-0.048079221515593795,0.047863712109646184,0.14637724819431086,20,473.0,252.85321121600293
500,0.046038010863224704,0.1267363304336257,-0.09733683635719262,-0.14149338555847946,32,380.0,226.9094985863798
500,-0.010851814544784233,-0.07790184588818248,0.14167784463415856,0.18293492480252627,34,333.0,210.76833516570795
500,-0.08065792807338706,0.10124657565155276,0.07073431262832786,-0.08698691555359238,58,500.0,259.12410747446273
500,0.020852613869828757,0.004083381990239415,-0.1731530317520107,0.06411111956053384,44,378.0,226.26807059732843
500,-0.051216261969132676,-0.006483222420801654,0.013291225370452187,-0.04633378960459286,21,500.0,259.12410747446273
500,0.18223112154186039,-0.05415815420660594,-0.1521485977258344,-0.10130928814675651,83,209.0,155.43706734402016
500,-0.055499516280600375,-0.09975244917702529,0.008007366463787496,-0.15381538785431778,98,500.0,259.12410747446273
500,-0.054652819446228657,-0.1446173522678041,-0.14234172790570887,-0.18994775001478478,99,198.0,149.45943191453983
500,-0.18652621868866742,-0.014559209675196444,0.041418295264943034,0.025313365375424196,76,449.0,246.8355800324867
500,0.06183010253026655,-0.1890816036520342,-0.15027873774164024,0.07133744656270274,4,160.0,127.22095476671424
500,0.059366185298255325,0.1073702310469698,0.10617052290249424,-0.15034054645637218,12,270.0,185.22773007715884
500,0.02862825162398913,-0.07623728024570325,0.05012148232149971,0.13128064084858576,33,500.0,259.12410747446273
500,-0.1457632151036469,0.005002111962948141,0.19274976454936876,0.09947083514146343,82,194.0,147.23629663068388
500,-0.14581067375983056,0.023356259299272708,0.006632454677839933,-0.06641499439355464,86,500.0,259.12410747446273
500,0.1539427206484279,-0.18676286647780904,-0.07470420397332522,0.03490463843866051,33,241.0,171.74429423544947
500,0.07146712309007175,-0.05233612201256621,-0.14457164498672764,0.19156404752819728,15,500.0,259.12410747446273
500,-0.11166726637669276,0.010411229118724774,-0.14129407772503916,-0.07800876257640198,32,500.0,259.12410747446273
500,0.09190338709838553,-0.10911834167926204,-0.08115248296060279,-0.08627482270812288,94,385.0,228.4963066538165
500,0.00101722024509604,-0.17931048717940695,0.023027279571620596,0.14794670239005736,33,446.0,246.0524059141695
500,-0.09218155965285053,-0.06586353467317793,-0.10268558180065304,0.03752437594887312,71,500.0,259.12410747446273
500,-0.056483512007900805,0.12454158314519809,-0.19072805454146133,0.03403742961165229,28,437.0,243.6600797346983
500,0.034044634401091456,-0.17046663111733196,0.19220667465644714,0.024107480450942964,71,301.0,198.39933263171585
500,0.030745024709857682,-0.15734115676945348,-0.013728030710810912,-0.18150098344361557,70,500.0,259.12410747446273
500,0.1813764649016873,0.1298683778732987,-0.06345217310949555,-0.017596873163955362,96,500.0,259.12410747446273
500,-0.10995004031993197,-0.04045538008128707,0.086652386839976,0.08061413072204748,25,500.0,259.12410747446273
500,0.03448292290034011,-0.027092252956251617,0.1399744395865144,-0.12247193460152861,57,500.0,259.12410747446273
500,0.14574125286907735,0.19057839673454108,-0.01881997161555579,0.15796871449792643,100,323.0,207.0299803520688
500,0.14260547056614925,0.10328317200074849,-0.02563329835971384,-0.1782845613441143,68,500.0,259.12410747446273
500,-0.1479073054004194,-0.1810610505049707,-0.008533301202592908,-0.049986174438680836,5,500.0,259.12410747446273
500,0.06622361433593438,-0.06828849891639438,0.014747805912901146,0.1892128066221896,23,500.0,259.12410747446273
500,-0.049090984026649076,0.08762564154786362,0.033361034602073764,0.13791814057764645,86,308.0,201.20757125109782
500,0.10124474595852889,-0.16775319473629385,0.1192874369294788,-0.19646480733569485,26,500.0,259.12410747446273
500,0.09187991263851847,0.10944045276412395,-0.07104459143971828,0.19164618255001148,86,481.0,254.76457438676113
500,0.10106900338128844,0.0016160305832823296,-0.044978765243007285,0.14961024812466522,46,500.0,259.12410747446273
500,-0.11709873018430579,-0.1801250847782353,0.16026854150534814,-0.053453702357728006,7,500.0,259.12410747446273
500,-0.02002618845404691,-0.05269225166472591,-0.036190083494203995,0.08983752995897115,86,500.0,259.12410747446273
500,0.18569726728048774,0.19802208315653752,-0.167429575728685,0.1261859496064594,74,500.0,259.12410747446273
500,0.1009400195144356,0.185089722721329,-0.06414878874252525,0.10913719021292978,72,438.0,243.9290994954942
500,-0.08396231743362677,-0.1303868571191581,-0.16035772910317442,-0.04272318230857261,74,248.0,175.1072759724763
500,-0.17158749187618022,0.18832170914901125,0.00620843525499723,0.15541588253961697,18,500.0,259.12410747446273
500,-0.08881940429986793,0.11964414527337686,0.11900159143155475,-0.06988710007686683,11,365.0,222.00350765767655
500,-0.0021472876065333213,-0.13141979588129704,-0.19502431465507197,-0.19570615018796977,97,142.0,115.76723398002918
500,-0.05179509658411349,-0.10825305513869417,-0.11212384446646105,0.1220199143166582,61,421.0,239.24399932355723
500,0.1384209421532338,-0.02436977121890066,-0.10605681595672017,0.04304734869994023,38,500.0,259.12410747446273
500,0.03219217700808388,-0.14244737876461913,0.010597227688504296,-0.08015567367409143,63,293.0,195.1167571795629
500,0.1423920045281331,0.05515067333270607,-0.057188723229063015,0.11778641260037209,3,244.0,173.1942370461788
500,0.10812372054796299,-0.13936482318939128,0.09102571771219964,0.011479259804615033,38,500.0,259.12410747446273
500,-0.015445082663755494,-0.09562052234390467,-0.08302546894877785,-0.06065533535194875,91,500.0,259.12410747446273
500,-0.026919967709264025,-0.07897563463666427,0.057642353790950784,-0.10708965159080655,74,500.0,259.12410747446273
500,0.1408173809514776,0.07381821636861019,-0.012245122237441203,0.08570004083823635,91,500.0,259.12410747446273
500,0.12478952446664354,-0.003765009653900142,-0.09048854685553748,-0.10230468535594146,95,364.0,221.66851319726837
500,0.04875384568732369,-0.17888557308279404,-0.0220764551137434,0.14755648139742428,1,24.0,23.189932508367882
500,-0.03931087673756295,0.04311621774457888,-0.09035056482625775,0.11221578043369046,21,500.0,259.12410747446273
500,0.1974724247694632,-0.04529029905533527,-0.19049104354778926,-0.1883724584065284,82,191.0,145.55132358711683
500,-0.17819058759540135,0.032755292368166045,-0.19452601744549192,0.06021170705733642,61,220.0,161.22037326261247
500,0.029563251364246756,-0.12081875297759744,0.1271252779846796,-0.06746211126450485,67,500.0,259.12410747446273
500,-0.15886158857910002,0.015537130770848562,-0.18404969298395027,-0.14476310996324485,96,295.0,195.94481268730016
500,-0.02348431350823188,0.18768056760820012,0.020620298056119507,0.1687540774757727,93,245.0,173.6746543350403
500,-0.04553689375989042,0.14106593049748783,0.04756175168555238,0.08449818472631632,51,348.0,216.16942840857988
500,-0.1422559786615925,0.031261952865358156,0.06476881245604332,-0.07241309083653871,71,500.0,259.12410747446273
500,0.01775921669580463,0.079429711771687,0.1811919043724728,-0.1869684126344695,49,315.0,203.95736497073344
500,-0.0413498015422733,-0.024373319462860088,0.11363023311937914,-0.13325399519684245,87,413.0,236.95506298042687
500,-0.09628937537078,-0.0971447249526357,-0.1846603341270214,-0.10662406794182565,29,282.0,190.47243090344045
500,-0.1469696843381516,0.05830364821374967,0.18348904116177162,0.15522786672350464,24,196.0,148.35120397756944
500,-0.06313578416685758,-0.09608159952037557,-0.08745515878322913,-0.17162754939013458,30,218.0,160.18302979410896
500,0.004952764032786827,-0.17046555754080372,-0.06696298180332505,0.13453032024234673,11,411.0,236.37418069698248
500,-0.18599654860403267,0.18043575117296,-0.13542622471816315,-0.10914985983049652,16,252.0,176.997461529307
500,0.1252959831715429,0.11841703362902578,-0.126066675078797,-0.13201572843386705,18,500.0,259.12410747446273
500,0.02122846534534545,-0.1541259634575055,0.17475833312057848,-0.1258253486146163,93,466.0,251.1426637537919
500,0.12914982384836043,0.07541401855587754,0.053516193761925124,-0.10202029063908663,60,500.0,259.12410747446273
500,-0.16734034668442055,0.13260422685191675,-0.15598631640199417,0.030917904559146697,91,458.0,249.1431893962916
500,0.18908831580948804,0.15620029866631668,0.17938269740289958,-0.029111289322721723,93,189.0,144.41954105759285
500,0.0017951646162518986,0.13081991333217358,0.0852264235484474,-0.19967151373664788,78,391.0,230.36927662021625
500,0.1422647068637245,0.12982446182099222,-0.17474685066267914,-0.08044610528687729,18,429.0,241.47857455848634
500,-0.03639058761546937,0.017890916887283087,0.15362374121883104,-0.02358587847891283,64,500.0,259.12410747446273
500,-0.08348382488176936,0.15386542590250624,-0.11092768429075446,-0.031537315934755394,23,500.0,259.12410747446273
500,-0.005346900568920787,-0.12322730628686607,-0.11278507296631678,0.042898350617695924,31,255.0,178.40026752807307
500,-0.0673445682495418,0.18820630618290357,-0.05429781642893325,-0.05311600661743096,4,500.0,259.12410747446273
500,-0.10516747872788841,-0.09034315177564722,-0.18659499752830594,0.06910603360088502,10,500.0,259.12410747446273
500,0.09012667782258788,0.11449733449468347,0.08462403846078048,0.1793780462315901,18,300.0,197.99331256942412
500,0.1706293581115509,-0.1233079358770922,-0.19542413921563817,-0.08017964410444862,43,236.0,169.2984905058788
500,0.05161641300340214,-0.11872194535968227,-0.07908116731665116,0.16967769016451933,48,390.0,230.05945498517178
500,0.1912302542646262,-0.06693472796908179,0.16457396320784873,0.05769324907116408,90,196.0,148.35120397756944
500,0.19123923840821344,0.13110509246372531,-0.043620383669215196,0.19697322285972557,51,500.0,259.12410747446273
500,-0.18422116585721798,0.03341659395054189,-0.0814548109918683,0.09302677492842837,49,500.0,259.12410747446273
500,-0.007128997300199336,-0.0005793176507353226,0.07448640842958565,-0.08765089930620228,99,500.0,259.12410747446273
500,0.06739390544637647,0.15711938646975165,0.030440703494691135,0.14842645087711487,100,500.0,259.12410747446273
500,-0.08352779772999837,-0.08753809247147806,-0.10786037943165927,-0.06321388700517955,21,195.0,147.79458774079183
500,0.046176606802653286,0.017020026651927506,-0.08130522345556646,-0.07891330625775397,68,406.0,234.90661174269007
500,-0.1366308155352724,-0.0993080639758643,-0.14537397228249552,-0.07172687855788543,34,429.0,241.47857455848634
500,0.12669646437370247,0.0002153803246690844,0.16219244117367393,0.04428306434025267,57,273.0,186.5566856540278
500,-0.04700480017274633,-0.1258785461706906,0.1923865700966016,0.060586156831209714,70,441.0,244.73132609963542
500,0.002225663986222065,0.05680837838130387,-0.18060512728630296,-0.05938351527303745,2,217.0,159.66201584163386
500,0.11514538974665706,-0.04036772490045637,-0.16623939662735002,-0.1676914431912525,96,179.0,138.6574817806778
500,-0.028515019734093233,0.08307874443834362,-0.046750489013362845,-0.1542599299626579,86,500.0,259.12410747446273
500,-0.08957634818419424,-0.1934980282522675,0.11965168866933878,-0.09228023881182508,79,500.0,259.12410747446273
500,0.03048628213467483,0.0965501692587658,-0.05390293144397881,-0.12182559629737044,10,500.0,259.12410747446273
500,-0.18260963191108381,-0.13452393816076383,0.14315154590731916,0.11888562949368592,70,346.0,215.46326885227384
500,-0.13767735620409405,0.12690000946738744,-0.09059733959958845,-0.01361064502316972,96,500.0,259.12410747446273
500,-0.1120962336460075,-0.18785206564668278,-0.11360566825848029,-0.022353280323432617,3,357.0,219.29515727189428
500,0.16117991934826587,-0.03324091813047683,0.07940487152349263,-0.01516848621947356,13,328.0,208.9131973958026
500,-0.1826194393958264,0.1637492489157354,-0.16646385385393514,0.07743180160763535,58,346.0,215.46326885227384
500,0.0886972474295914,-0.023647902282627198,-0.06520681265580794,-0.08928780341898568,53,376.0,225.62277665225207
500,0.17279640010540448,0.023400040861040028,0.12054684139149713,0.15082467506151898,85,211.0,156.5028438735621
500,-0.11147388365718608,0.045560892420370314,-0.19531378413939626,0.10652821763840131,89,219.0,160.70248070472664
500,0.07132879423412919,-0.09789657188081323,-0.0693232428068146,-0.028359959232555687,15,500.0,259.12410747446273
500,-0.03907777659214559,-0.031013523423815054,0.1743515599492324,0.10108128071173178,99,242.0,172.22906135274312
500,0.0808069186646313,0.06462704545402415,0.07158688839093097,0.05158435323961902,23,500.0,259.12410747446273
500,-0.06361407305101441,-0.09064287658366639,0.1390366644253973,0.14940901673837154,82,237.0,169.79059503436116
500,0.129296355221949,0.08878335071544485,0.0008765617555926697,0.0027940705557062684,15,406.0,234.90661174269007
500,0.16532276918620964,-0.14581033664070256,-0.10360147114062204,0.12861043024221425,49,432.0,242.30278978905153
500,0.11449664432855944,-0.15617544024874214,0.08826188887282693,-0.06979016063339319,75,500.0,259.12410747446273
500,0.03433700059610309,-0.03158065857627576,0.07788891320960534,-0.036167689223704114,73,500.0,259.12410747446273
500,0.024884705071587854,-0.1982682947522756,0.03816740420233078,0.024765434746741644,32,500.0,259.12410747446273
500,0.13348877165944134,-0.06844817948684648,0.0503444494149069,-0.14906618175751152,71,500.0,259.12410747446273
500,-0.10486509500391179,-0.15250606179162715,0.05200758307408454,0.09325668586055486,86,500.0,259.12410747446273
500,-0.1686463806663232,0.01604710079697566,0.18711116737493882,0.17196206362830463,92,257.0,179.32847152531238
500,-0.1162174301378543,-0.01639511869665622,0.005733781905511048,-0.15966864694240612,75,500.0,259.12410747446273
500,0.11020725034879603,-0.17847496202499114,-0.03850589252867467,0.02731535917996583,14,500.0,259.12410747446273
500,0.12838609904957843,-0.10464789763989604,0.12849274383259418,0.19583721955173505,27,500.0,259.12410747446273
500,0.16923619434183185,0.15974742334291947,-0.14317063378384534,-0.13225376511861336,82,307.0,200.8100012548624
500,-0.17365670525502322,-0.008836011071535033,-0.06552797318001669,-0.1644958231779859,63,500.0,259.12410747446273
500,-0.049715329960735966,-0.05323077899365597,-0.17832584616849673,-0.1936975824340643,25,154.0,123.4716629547754
500,-0.05203253688137863,-0.13346786964178442,-0.0721581371918883,-0.10135637701251846,21,500.0,259.12410747446273
500,0.0540113580123055,0.018299849769630894,-0.09535429130325374,0.1673869371962835,47,500.0,259.12410747446273
500,-0.02390103639617766,0.1714063510930735,0.06254675056595366,0.08903832285709279,24,203.0,152.2010413562232
500,-0.13716035666014173,-0.07779004655417815,0.1701190089679404,-0.010041266464258236,59,381.0,227.22877009062069
500,-0.0791871823312972,-0.16829363731693647,0.19812943056860377,-0.14687194140285192,36,360.0,220.3184249047243
500,0.15366361458071282,0.011043602374393169,-0.05586689806535605,0.07785907889878901,95,500.0,259.12410747446273
500,-0.08825624759654334,-0.03507058540312222,-0.07845735188254271,0.09308285829878093,76,500.0,259.12410747446273
500,0.14719265849835533,0.1491317453815011,0.03758243008498097,0.11450594708214351,55,319.0,205.5029042509182
500,-0.1427214094170499,0.037181733023879865,0.17084486286206868,-0.05510044986304785,20,500.0,259.12410747446273
500,0.17533048671824708,-0.0021683279844100234,0.09206787059800114,-0.10325710222263691,14,253.0,177.46646914471907
500,-0.1227947845113699,0.0998680008922499,-0.02845875956960381,-0.14585409282125594,69,440.0,244.46472026041667
500,0.16926014587282068,-0.11760834404822239,-0.1396759604289052,0.08730178579802905,6,183.0,140.98310051254907
500,0.09568462068161293,-0.19524783399758017,-0.06316040491515973,-0.0016789930812712295,10,500.0,259.12410747446273
500,-0.1310575878261192,-0.12426636359143313,0.05082714623960205,-0.12880747189786307,86,500.0,259.12410747446273
500,0.06787280430313253,-0.1976048253410149,-0.1677105454539961,0.15389560321095697,84,500.0,259.12410747446273
500,-0.053159349579604304,0.012845970397260043,-0.17767124401511927,0.15895826776183392,93,325.0,207.78666373977956
500,-0.06291496654256476,0.12620646572368982,0.1900144536439316,-0.15350195282375856,82,254.0,177.93406973728491
500,-0.07562090788945529,0.029266649826261343,0.11866966256559974,-0.11689516396689431,86,500.0,259.12410747446273
500,-0.08317970390784475,-0.18524295786351475,-0.12590717330445567,0.17761686427105206,86,500.0,259.12410747446273
500,-0.0037127601513561037,0.046902015060399066,-0.09694414041737126,-0.08588664951400889,59,500.0,259.12410747446273
500,-0.07103676649050997,0.0323482094704933,0.17786995181202447,0.19405836848270658,92,232.0,167.31522020999867
500,-0.01007763966627051,-0.039561355835661255,-0.027714072879507917,0.15335550463725167,52,431.0,242.02887641830645
500,0.1928630630929054,0.007088702748744458,0.11787987679185041,0.1828158264967022,9,411.0,236.37418069698248
500,-0.12601979154488965,0.11035229875368485,-0.17566672883541684,-0.0025508774965259384,80,386.0,228.81081773385506
500,-0.18406404224923653,-0.18117016692656615,-0.026123376459702696,0.15544463223112753,70,500.0,259.12410747446273
500,0.13506178558589743,-0.16201405078213124,-0.18474258245978367,-0.17328127410463626,91,185.0,142.13547075737839
500,0.018365173415858915,0.16863292407280567,-0.15658395980157314,-0.17308865938247267,11,500.0,259.12410747446273
500,-0.1097901598774151,0.19458526012153032,0.14588239420462962,-0.13350714207810588,90,272.0,186.1150307462666
500,-0.17495559985879133,-0.08717337044072125,0.10686947450302131,0.1193065299410761,18,500.0,259.12410747446273
500,0.18843718505791185,0.17339000186015302,-0.1715233840946927,-0.07127739824113447,85,341.0,213.67919336719174
500,0.03304829289047534,0.1971376767230305,0.054370966039542,-0.01026200062419047,66,253.0,177.46646914471907
500,-0.0055438480323228845,0.10448916602159436,-0.19880769036678714,0.09737955526334746,66,500.0,259.12410747446273
500,-0.12641236029512518,-0.19370925139175116,-0.08561369914516269,-0.1682324970832875,64,244.0,173.1942370461788
500,-0.01200032172426782,0.1582228947475876,0.15985669355770588,0.05166252867865678,58,231.0,166.81566721163358
500,-0.02816064050490455,-0.15249620856140897,-0.016254438062498794,-0.11653192640804916,11,217.0,159.66201584163386
500,0.17290578059181994,0.004905069243863469,0.06943779502235892,0.050112237660986714,51,417.0,238.10640819910924
500,-0.1013176043337599,-0.13521322021139032,-0.17970175170346114,0.12084561089971901,99,223.0,162.76474750037698
500,-0.11564613728047926,0.017250362917494322,0.13317686699964587,0.1917282554682837,91,274.0,186.9970155970657
500,0.04727815614894246,0.1658893034421124,0.1650731720114103,0.13723706749323672,78,211.0,156.5028438735621
500,-0.12330775250398976,0.04156497289323863,-0.11581439214912632,0.19028127503009878,12,500.0,259.12410747446273
500,0.14120428636505933,0.031405561344569344,-0.13857342010889773,-0.08789593157087557,84,289.0,193.44564374317937
500,-0.08623413124813567,-0.1639935692954958,-0.11285293303241413,0.025305668945931586,64,293.0,195.1167571795629
500,-0.15892839873056552,-0.12507953501131808,-0.07686353253726415,0.1484258296234478,88,500.0,259.12410747446273
500,0.045847742662805,-0.07837479312814795,-0.040590220649313,0.12842184450812705,20,500.0,259.12410747446273
500,-0.16192033433805278,0.11920123898506368,-0.009440712431458748,0.04405788057520371,51,500.0,259.12410747446273
500,0.19911040601669555,-0.1341525193372491,0.19763745961653817,0.01716491782954238,99,260.0,180.71036130844703
500,0.07980356161024738,-0.18793016200361798,0.10516824616752768,-0.055956481948467085,61,500.0,259.12410747446273
500,-0.10037512338264376,0.06130251134429038,0.1495585022894929,0.05559100597504152,86,500.0,259.12410747446273
500,-0.17013281777261852,0.11401356330709245,-0.061936376923247244,0.08075024458671098,33,500.0,259.12410747446273
500,-0.0340891311986363,-0.19384755728051287,0.15546052796881898,0.18881263101021928,85,346.0,215.46326885227384
500,0.1939372460648065,-0.14150926683862883,0.08686926010751922,-0.10071804470502005,92,500.0,259.12410747446273
500,-0.043287662396682164,0.1569174745778371,-0.07986421943932759,-0.005895969334427736,98,500.0,259.12410747446273
500,0.06370665627306948,0.09931749832333636,-0.0880883302922718,0.04312281559265427,1,11.0,10.836476127309975
500,0.15526676297483166,-0.05623676029328212,0.1767691724971358,0.05246287858356635,32,196.0,148.35120397756944
500,0.07075476867127117,-0.013050933338772275,0.1106125891298072,0.017468182470915833,25,315.0,203.95736497073344
500,-0.007508473088363832,0.18604710151537357,-0.15233166817914015,0.04829196334708788,25,500.0,259.12410747446273
500,0.05644166199872391,-0.16695440376083517,0.18568146030470445,-0.09364596920947271,68,305.0,200.01126876603976
500,0.16027258331729793,0.012392814316968315,4.937173971439335e-05,0.1982987379829625,47,500.0,259.12410747446273
500,-0.07750682224679295,0.19931100779221078,0.05396517689142205,-0.1821575106840023,92,471.0,252.36814879543638
500,0.1398680512835781,-0.16233089242501864,0.13989840625357047,0.12878745056663038,25,290.0,193.86530681194984
500,0.04841117767265235,-0.0074543574838443205,0.14275845236914936,0.053313773642306106,97,318.0,205.1182590280022
500,-0.009253181828116797,-0.18824748810022607,-0.13988438323114638,-0.027570368514127697,47,171.0,133.92155037635496
500,-0.012932422307753905,0.1793526625152697,-0.08838823030832904,0.06607706207732883,27,500.0,259.12410747446273
500,-0.11893069392801299,0.06255510604461068,0.1669532108132561,-0.1400221436764099,97,303.0,199.20772222991923
500,-0.11807085655128038,-0.03670687820137747,-0.1979141125884382,0.04049575558141219,14,180.0,139.2415093353358
500,-0.150025939097441,-0.11160407154396515,0.14384611953488768,-0.19107495766036242,85,500.0,259.12410747446273
500,0.05004882228663521,-0.0015840837248504158,0.1110380803025462,-0.13630403647870884,75,500.0,259.12410747446273
500,0.09088469934275578,0.053712220955885626,0.0712626590363249,0.19867788230439792,85,500.0,259.12410747446273
500,0.16563885842181603,0.033831768469355344,0.1844587697800006,-0.025537129640175987,90,351.0,217.22074329089511
500,-0.04416538331722436,-0.17195391179639796,0.020317763794196114,-0.19229249462653258,58,233.0,167.81327454936869
500,0.060411208512731185,0.1740020148631295,-0.015771662608063147,0.0038023346004764647,99,500.0,259.12410747446273
500,0.14434868283258567,0.1405280037065723,-0.012364358913611845,0.04014704590807727,88,500.0,259.12410747446273
500,-0.001858806045814676,0.18350657994329994,-0.06556974515063724,0.07571944986221585,66,500.0,259.12410747446273
500,0.08348316221458052,0.0656047520523938,-0.12188189545397302,0.055003224420541674,60,500.0,259.12410747446273
500,-0.12184922399262468,0.030704038906933517,0.18403857464113266,-0.17385913369800027,1,5.0,4.970089865081
500,-0.16642525117509052,-0.05607207359501218,0.06541177225901962,0.05588925033684827,99,500.0,259.12410747446273
500,0.08073224974764398,-0.10009575675792709,0.11720345291894557,0.028754789840355066,95,500.0,259.12410747446273
500,-0.12335616582437879,-0.17902040155606347,-0.10568103650616233,-0.08316795306586454,100,234.0,168.30983472572058
500,0.06532484077252854,0.1868572958259988,0.07343158274856054,0.16824987874824948,95,207.0,154.36486726379758
500,0.06566128971330742,-0.059148378914539335,0.01218828016064738,0.03567526697987383,36,491.0,257.0900700389085
500,0.09233542317763577,0.04954614832547111,0.15723355411399415,0.1124988807058881,22,500.0,259.12410747446273
500,0.1798603848726132,0.035787987524765086,-0.0733584333180067,-0.17714159469666627,3,215.0,158.61527998401812
500,-0.184841712368506,0.1535511372500869,-0.043687339896001876,0.022696097449568103,98,500.0,259.12410747446273
500,0.03695591191462205,-0.043229532490711264,0.02817394861480546,-0.07263166929081863,9,225.0,163.78662389810222
500,0.024651277075796202,-0.1748482829995709,-0.1304546361149977,0.02516930573429685,58,223.0,162.76474750037698
500,-0.15711050818469874,-0.06850753639602522,0.12953483967092766,-0.1973552471622571,52,500.0,259.12410747446273
500,-0.05851943759795383,-0.08255986904293909,-0.042575155461284986,-0.03087579810917171,84,357.0,219.29515727189428
500,-0.13554220195442462,0.1086829181499886,-0.10511981904075501,0.17642634407639673,91,500.0,259.12410747446273
500,0.17975043414181835,0.13499728039646908,-0.16098716761118972,-0.1834437319240231,27,309.0,201.60394853734454
500,-0.17857447330706036,-0.10137428357782499,0.02297319909466991,-0.15208080489045483,63,500.0,259.12410747446273
500,0.133503771503713,-0.1224471692799213,0.07527347492421532,-0.08972358557367599,36,500.0,259.12410747446273
500,0.17686707359193865,-0.01863445653743301,-0.08431418680943513,0.0002796400799109089,15,500.0,259.12410747446273
500,0.16281296809615714,0.1333620271014504,0.1453845565240275,-0.028880958006073376,30,184.0,141.56015121101143
500,-0.09906851048244106,0.08593340563644081,0.09368186362327291,0.07760400570107218,21,500.0,259.12410747446273
500,-0.011747268292113366,-0.046881085669092604,-0.042845083265666745,0.11744669054643564,68,500.0,259.12410747446273
500,0.10616395535345641,0.07766914523794244,-0.18996792108959124,-0.07539974254334494,87,343.0,214.3960413197289
500,0.03473513969082967,-0.14692917109217635,-0.14248878810762428,0.05825213982692279,6,149.0,120.29520705794391
500,-0.1682266447254794,0.09572783831591786,0.020548349447701675,0.1875083696091091,42,500.0,259.12410747446273
500,-0.07812986829847773,0.12218715900262644,-0.1794191486248523,-0.08507394782736277,66,500.0,259.12410747446273
500,0.06046443022312442,0.0010694881268903111,-0.15603931872607102,0.12471901500793592,65,402.0,233.71657924784432
500,-0.12421544086400803,0.041620536991095636,0.15806303065615973,0.03879603169657403,51,500.0,259.12410747446273
500,-0.18871895731766297,0.004647029010705461,0.02745059285052967,-0.19655788494184706,4,197.0,148.90615036563673
500,-0.12597753122979388,0.16630234206911593,-0.13044377517464603,-0.19317551759592397,5,500.0,259.12410747446273
500,0.06435245740244833,-0.12812523223432692,0.031283984217416905,0.16988459182012272,21,330.0,209.65859843020434
500,0.030947402601348012,-0.13410278019057542,0.055760793061128466,-0.10830728079589146,16,432.0,242.30278978905153
500,-0.007429631769377165,0.07890454712273115,-0.15492031825458455,-0.09164649893062791,91,344.0,214.75285319576972
500,-0.02383854563697002,0.14124727476200055,-0.0950389856226917,-0.1503069462916217,2,424.0,240.088265458039
500,-0.16617383138405148,-0.17283089370291954,0.16136186653760481,-5.389715231415848e-05,85,500.0,259.12410747446273
500,-0.009474392201287068,0.16731027926723918,0.16760157865627945,-0.16885714112760897,81,288.0,193.02471789687
500,0.18115978618158407,0.10512383926149871,-0.1681099854067549,0.09111123656923098,2,223.0,162.76474750037698
500,-0.11774096870086806,-0.029114834219324204,-0.1924317606233364,-0.19289664207588253,51,168.0,132.11602200897406
500,0.010159862396035724,0.057274475316965834,-0.14386572420835864,0.01491354644125703,16,251.0,176.52704265727883
500,-0.1868420647862307,-0.17198148038344577,-0.09875028136592917,0.002629709247762152,31,205.0,153.28620491745806
500,0.14786733249119943,0.17348623649031086,0.17710804820863957,0.12301621737655499,64,155.0,124.10124796591107
500,-0.004010649657391341,-0.050198916007165195,0.12911916820555297,-0.13345184299678442,3,43.0,40.398813442177584
500,0.0020739198075571397,0.06014924121979459,0.11592997897225393,-0.04568843668285441,34,500.0,259.12410747446273
500,-0.18961194307283313,-0.05120376748940131,-0.0719514914441993,-0.12061442172027817,60,500.0,259.12410747446273
500,0.1681542507046268,0.10527985845567878,-0.011369682015554605,-0.17306318152932176,72,500.0,259.12410747446273
500,0.1366710929757089,-0.08361667601877941,-0.11442244066483394,0.18309919109793998,25,500.0,259.12410747446273
500,-0.13915330538311266,-0.14542142992680454,-0.12904824210072544,0.019877029037851685,98,417.0,238.10640819910924
500,0.1841165844479286,0.11621567117955056,0.016735356990809358,0.16945819957750702,100,473.0,252.85321121600293
500,-0.030259152998397265,0.07870797013043673,0.15207054349058097,0.052329633716839186,41,178.0,138.0716968712917
500,-0.09782232496981287,0.07722041553586001,-0.07055748913004198,-0.07779412711996608,36,318.0,205.1182590280022
500,-0.09055799875354098,-0.07279736859861413,0.01844526993916204,-0.1299252188303116,85,500.0,259.12410747446273
500,0.1660872511424541,0.08509370650549386,0.022595009794800613,0.0035033854651652097,34,484.0,255.46957398214522
500,-0.04590725273723306,0.19994372201181154,-0.15774993755204753,0.19183663437821435,83,466.0,251.1426637537919
500,-0.15568774428038568,-0.17727546208471662,-0.08287307349188199,0.1912848644362608,36,500.0,259.12410747446273
500,-0.1372622377937473,0.04492235178524803,-0.1504575294970997,0.1298595057498036,10,410.0,236.08242798092525
500,-0.16930281971355676,0.14814543564163524,-0.11423232021228445,0.08991499865177593,60,500.0,259.12410747446273
500,-0.051252827833430964,0.10726197011741129,0.024206602483101802,-0.12898243132871062,69,500.0,259.12410747446273
500,0.10076062039005634,-0.06151773710871736,-0.028066736367318906,-0.1424572653849074,36,500.0,259.12410747446273
500,-0.09737396636336958,-0.12852053333143293,-0.08902168889011763,-0.03819301399411207,57,313.0,203.1776019842209
500,-0.1706486034856754,0.013132800989955257,-0.16940051481522642,-0.14865279625498498,53,246.0,174.15363037203517
500,-0.1959613980385716,-0.05379929181823334,-0.16434707455216446,0.07260482199713741,29,500.0,259.12410747446273
500,0.07740045624250147,0.17205305241846613,0.16116873789277059,0.0016408304950630836,6,500.0,259.12410747446273
500,0.12734845999652522,-0.09330560421449526,-0.04008499060859205,0.12222143777204575,39,500.0,259.12410747446273
500,-0.005257586381706064,-0.1696973265342055,-0.0726044131703294,0.0971248454202131,83,449.0,246.8355800324867
500,0.15488779262098923,0.15353888931925203,0.19551983322001848,-0.13014168522236852,48,211.0,156.5028438735621
500,0.05318711950659727,-0.1096132351341061,-0.19917932659245985,0.006185545456340341,79,209.0,155.43706734402016
500,-0.16780320995491757,-0.09786730385462401,-0.08510774009160392,0.05540793033924718,63,500.0,259.12410747446273
500,-0.169497051248508,0.009301319031669919,-0.15129281899961344,-0.02594515737089559,33,330.0,209.65859843020434
500,0.13350368876344892,-0.12576356450304021,0.028496839141710945,-0.05279268954210112,36,428.0,241.20218110179172
500,-0.06047071409478316,-0.026812826100823417,0.02408919641750623,-0.14994728004246763,59,399.0,232.81462213828596
500,-0.033026540607639154,-0.018993639241398158,0.08498597456719625,-0.10426288531827876,15,483.0,255.23527982161005
500,-0.10396177005691967,-0.06743282335044776,-0.14974115555028158,0.1787758677680354,23,309.0,201.60394853734454
500,-0.04380557570315924,-0.16999598218153733,0.15073220552704258,0.16679662368361753,45,500.0,259.12410747446273
500,-0.10219291441603513,0.13733929564296382,0.1372334144367366,-0.14988400723106363,65,500.0,259.12410747446273
500,-0.1402123433215067,0.0681992447584408,-0.03784284898262022,-0.013656635892836194,74,500.0,259.12410747446273
500,-0.054643751200882024,0.09972519729202711,0.19789008783145573,-0.08170602236111027,91,290.0,193.86530681194984
500,0.17924045729908222,0.11679387694093224,-0.020854807427803296,-0.04621165513216585,77,500.0,259.12410747446273
500,0.12069067547916357,-0.06176806189476572,-0.08941866501603123,-0.02496470412887991,5,215.0,158.61527998401812
500,0.00420711462028206,-0.013965849698148597,0.018227697436902723,-0.05210937837620708,76,500.0,259.12410747446273
500,0.05045024050274555,-0.189957054901283,-0.10850093573663018,0.1981518059170576,16,261.0,181.1682302245217
500,0.03264562005174407,0.13906654207480457,0.0646956552931493,0.08687325830226633,36,265.0,182.9860109677653
500,-0.03582809668480316,-0.1368520335439444,0.15973060773789743,-0.05956263727876507,90,448.0,246.5753059503377
500,-0.1243702021599865,-0.08892404275137991,0.053099867068865214,-0.10875262615820858,81,500.0,259.12410747446273
500,-0.10409580152992987,0.1534246708192239,-0.19382399816661985,0.17274151549404732,46,295.0,195.94481268730016
500,0.11350320527797436,-0.03734765254326827,0.12807138788836492,0.015782967263575115,11,374.0,224.97359345061471
500,0.06596270906320667,-0.11135182737208381,-0.12606092147666673,0.08373144423122036,89,386.0,228.81081773385506
500,0.14303611406206657,-0.09881422206714632,-0.12239752256635739,-0.14514869711407707,89,433.0,242.57588141968438
500,-0.12637461765880237,0.06545343500400691,-0.09376233631474395,0.03813584344820292,49,500.0,259.12410747446273
500,-0.1823788226808214,0.06301255880066248,0.1367649752173889,0.1769719312495494,31,252.0,176.997461529307
500,0.1787275317949788,0.015421054779457766,0.04291321924144928,-0.006765311743941682,83,500.0,259.12410747446273
500,0.060151917356598916,0.05880588277094556,0.06290378418555587,0.13645042195318163,81,371.0,223.99247497637452
500,-0.11362905630237236,-0.022737555844594443,0.13695398928136426,0.15177373644955322,26,348.0,216.16942840857988
500,0.18495432586899202,0.07298437372931194,0.09928498959196003,0.004147101306591849,51,392.0,230.6781687903556
500,-0.16707577547868546,0.17846654000896683,0.16442249665703734,-0.08392823544588751,99,238.0,170.2812232492581
500,-0.07344948796987646,-0.15138470844076207,-0.043409996255180106,-0.08589155442045376,67,356.0,218.95201331182977
500,0.14405750120497213,-0.19271589999093175,-0.1991349209274961,0.10026304070166753,19,206.0,153.8263463027057
500,-0.007592157465472843,-0.0377781433428416,-0.1964859147667568,0.03425336880957866,17,166.0,130.9032634603651
500,0.08593717550926244,0.12999375101843547,-0.040848978272449044,-0.18137883949097744,20,409.0,235.7897973730444
500,-0.052593588668364666,0.00937609642535997,0.014699023575763442,0.12391982834238102,37,413.0,236.95506298042687
500,0.07948990988171373,0.1222947310143509,-0.10943793387594242,0.11618571501257358,15,313.0,203.1776019842209
500,0.008436488446834589,0.15875326528285122,-0.165912102852125,-0.04664934359591885,61,500.0,259.12410747446273
500,-0.1184901114293167,-0.08889342041139586,0.19463857174748495,0.15351902545197615,21,162.0,128.45577402670685
500,-0.051655585653011565,0.0871903947523297,-0.13367545703998984,0.027884973446435563,18,269.0,184.78207630607707
500,0.07321549946025452,0.1045478783073614,-0.11449314495459961,0.05691252363954308,40,500.0,259.12410747446273
500,-0.14979409655658935,0.012231055518214073,-0.03701574282049594,-0.029336626706858354,56,453.0,247.86889152816966
500,0.1672365182153681,-0.12551394371944113,-0.041402206067115366,0.0069540894090241445,26,500.0,259.12410747446273
500,0.04744277816672762,0.10272440878110434,-0.009883346791238395,0.13719712179538068,70,386.0,228.81081773385506
500,-0.14603040444255277,0.12493570862815617,-0.07136917563118272,-0.14084692263806728,21,500.0,259.12410747446273
500,-0.13038327627203833,-4.316826504169313e-05,0.14559377462674494,0.015640743059145035,54,500.0,259.12410747446273
500,0.07369683314619968,0.19205256445114427,0.035498761107867705,-0.06085088442445627,46,500.0,259.12410747446273
500,0.07277789469413909,-0.08072891903495122,-0.09820771054050802,0.06470411964823047,17,331.0,210.02962263491372
500,0.009357695197871246,-0.10732093061180313,-0.07014743833369277,0.12348743476210328,64,398.0,232.51215861412834
500,0.19811067952365752,-0.07314564814707172,-0.11433163325876268,0.060759804795472216,28,500.0,259.12410747446273
500,-0.028710025125818106,-0.06628276107775818,0.16817380524466513,0.08189494418704768,86,288.0,193.02471789687
500,0.09147326916638365,-0.09478728639078288,0.006305687533830678,-0.17686910591328553,5,394.0,231.29317588113258
500,-0.03975967662671853,0.14444582493335523,0.0778240306254071,0.16450916736004628,27,242.0,172.22906135274312
500,0.11117675072041522,0.16325790189454875,0.06416186867682894,-0.1386172724545868,15,401.0,233.41682973705548
500,0.09120117902580482,-0.08622062596505127,-0.18103358109797046,0.16313571676066835,94,263.0,182.07985135724658
500,0.07793934681673037,-0.16221794214940277,-0.03629943318692064,0.0005371498181506451,55,500.0,259.12410747446273
500,-0.12654161654164123,0.14695220340807008,0.10360566790455511,-0.0934755019311838,63,500.0,259.12410747446273
500,-0.08348826332865787,-0.034217452615873556,0.06970275784802143,0.16419988132508012,89,500.0,259.12410747446273
500,0.08448835221827883,0.13208522635433834,0.07933819550396454,-0.13079670556672385,9,184.0,141.56015121101143
500,-0.07493805806625839,0.17488400272643428,-0.1586716645473012,-0.09864107893711696,19,355.0,218.60783682229666
500,0.14298000510990716,0.19508668696942805,-0.07014943334623572,0.040407700464306334,91,408.0,235.49628623173962
500,-0.13079633042223393,-0.05809822255815239,-0.19946801106975848,-0.06564632083839547,33,209.0,155.43706734402016
500,-0.07835028324073093,0.13488630800301082,0.011392710029922398,0.18704154861400918,45,500.0,259.12410747446273
500,0.10633756566305597,-0.07003725123292279,0.05590906948416613,-0.15164439207661232,56,500.0,259.12410747446273
500,0.021504969327178797,0.07216216407466197,0.15501699920351447,0.06590890195473276,94,216.0,159.13943414406606
500,0.0683482371359253,0.002335852930209492,-0.18127065950077875,-0.19564833983423033,87,237.0,169.79059503436116
500,0.03134774318780925,-0.010281596564646056,0.0015892753395492787,-0.10662221958246915,61,500.0,259.12410747446273
500,0.12171666287518301,0.1914743061967628,0.07678299486614004,0.014838643447362576,44,317.0,204.73245639719377
500,0.1438246550588988,-0.09697865801490564,-0.08395447242336336,-0.09932822947412277,75,306.0,200.41123495974165
500,0.013209324527965277,-0.10648465105418455,0.11414605519312121,0.1301297561116201,28,500.0,259.12410747446273
500,0.022531415193893733,-0.1190149209605393,-0.18195673018298475,-0.14285490265591153,4,99.0,85.76253442334244
500,0.05130496325170242,-0.15279550616866766,-0.12843566611340088,-0.030095895163417458,91,267.0,183.88674177605742
500,-0.03135031539156427,0.16071530538185969,0.04810985653264219,0.0656842195950279,76,500.0,259.12410747446273
500,0.11718609163497934,-0.12936786722322605,0.09381741375228819,-0.009942411841497911,20,500.0,259.12410747446273
500,0.13902439419716506,-0.1306342771648092,0.04753253547036937,0.16822485349164146,76,412.0,236.66505815489154
500,-0.08408141697697258,-0.06839422022340655,-0.045968292880532224,0.03893130190513111,36,500.0,259.12410747446273
500,0.15038985182478343,0.11517107407318528,-0.1695527732704942,-0.10727597657524522,92,500.0,259.12410747446273
500,-0.19572316896135275,-0.17409728476315595,-0.17167911617101905,0.08394474252769007,34,180.0,139.2415093353358
500,0.06145362094137807,-0.12082893973951757,-0.08657769040335009,0.1308696478234283,80,500.0,259.12410747446273
500,-0.15926712414166092,0.061341541983861936,0.0005262055545856847,0.12058490013180295,64,500.0,259.12410747446273
